repo,month,PullRequestEvent,PushEvent,CreateEvent,IssueCommentEvent,DeleteEvent,PullRequestReviewEvent,IssuesEvent,ForkEvent,PullRequestReviewCommentEvent,MemberEvent,GollumEvent,CommitCommentEvent,DiscussionEvent,ReleaseEvent,WatchEvent,total
hyperledger/governance,2022-06,0,1,0,6,0,0,3,0,0,0,0,0,0,0,0,10
hyperledger/governance,2022-07,0,5,1,5,0,0,4,0,0,0,0,0,0,0,0,15
hyperledger/governance,2022-08,0,5,0,14,0,0,5,0,0,0,0,0,0,0,0,24
hyperledger/governance,2022-10,0,1,0,0,0,0,0,0,0,0,0,0,0,0,0,1
hyperledger/governance,2022-11,0,4,0,12,0,0,4,0,0,0,0,0,0,0,0,20
hyperledger/governance,2022-12,0,0,0,6,0,0,22,0,0,0,0,0,0,0,0,28
hyperledger/governance,2023-01,0,0,0,8,0,0,9,0,0,0,0,0,0,0,0,17
hyperledger/governance,2023-02,0,1,0,14,0,0,9,0,0,0,0,0,0,0,0,24
hyperledger/governance,2023-03,0,1,0,8,0,0,5,0,0,0,0,0,0,0,0,14
hyperledger/governance,2023-04,0,0,0,2,0,0,3,0,0,0,0,0,0,0,0,5
hyperledger/governance,2023-05,0,0,0,11,0,0,10,0,0,0,0,0,0,0,0,21
hyperledger/governance,2023-06,0,0,0,8,0,0,5,0,0,0,0,0,0,0,0,13
hyperledger/governance,2023-07,0,1,0,9,0,0,8,0,0,0,0,0,0,0,0,18
hyperledger/governance,2023-08,0,1,1,9,0,0,8,0,0,0,0,0,0,0,0,19
hyperledger/governance,2023-09,0,0,0,6,0,0,6,0,0,0,0,0,0,0,0,12
hyperledger/governance,2023-10,0,1,0,8,0,0,9,0,0,0,0,0,0,0,0,18
hyperledger/governance,2023-11,0,0,0,15,0,0,25,0,0,0,0,0,0,0,0,40
hyperledger/governance,2023-12,0,0,0,3,0,0,2,0,0,0,0,0,0,0,0,5
hyperledger/governance,2024-01,0,0,0,4,0,0,4,0,0,0,0,0,0,0,0,8
hyperledger/governance,2024-02,0,0,0,5,0,0,4,0,0,0,0,0,0,0,0,9
hyperledger/governance,2024-03,34,27,17,8,18,0,6,0,0,0,0,0,0,0,0,110
hyperledger/governance,2024-04,29,25,10,13,10,8,11,0,0,0,0,0,0,0,0,106
hyperledger/governance,2024-05,12,9,4,3,5,3,4,1,1,0,0,0,0,0,0,42
hyperledger/governance,2024-06,23,17,5,6,7,2,5,0,0,0,0,0,0,0,0,65
hyperledger/governance,2024-07,17,16,2,10,2,5,5,0,0,0,0,0,0,0,0,57
hyperledger/governance,2024-08,4,3,1,2,0,2,0,0,0,0,0,0,0,0,0,12
hyperledger/governance,2024-09,13,10,3,4,3,4,0,0,0,0,0,0,0,0,0,37
hyperledger/governance,2024-10,32,26,14,3,13,6,1,0,1,0,0,0,0,0,0,96
hyperledger/governance,2024-11,10,7,4,1,4,2,0,0,0,0,0,0,0,0,0,28
hyperledger/governance,2024-12,1,1,0,0,0,1,0,0,0,0,0,0,0,0,0,3
hyperledger/governance,2025-01,22,14,9,7,9,4,2,0,0,0,0,0,0,0,0,67
hyperledger/governance,2025-02,7,4,2,0,4,0,0,0,0,0,0,0,0,0,0,17
hyperledger/governance,2025-03,2,2,1,0,1,1,0,0,0,0,0,0,0,0,0,7
hyperledger/governance,2025-04,8,6,5,0,5,0,0,0,0,0,0,0,0,0,0,24
hyperledger/governance,2025-05,2,2,0,1,1,1,0,0,0,0,0,0,0,0,0,7
hyperledger/governance,2025-06,0,3,0,1,0,0,0,0,0,0,0,0,0,0,0,4
hyperledger/governance,2025-07,6,3,2,0,2,2,0,0,0,0,0,0,0,0,0,15
hyperledger/governance,2025-08,1,2,1,0,0,0,0,0,0,0,0,0,0,0,0,4
hyperledger/governance,2025-09,2,1,0,0,1,1,0,0,0,0,0,0,0,0,0,5
hyperledger/governance,2025-10,0,1,0,0,0,0,0,0,0,0,0,0,0,0,0,1
hyperledger/governance,2025-11,0,0,0,0,0,1,0,0,0,0,0,0,0,0,0,1
hyperledger/governance,2025-12,3,1,3,0,1,1,0,0,0,0,0,0,0,0,0,9
hyperledger/governance,2026-01,0,1,0,0,2,0,0,0,0,0,0,0,0,0,0,3
hyperledger/governance,2026-02,2,3,1,0,0,0,0,0,0,0,0,0,0,0,0,6
hyperledger/governance,2026-03,0,1,1,1,1,0,0,0,0,0,0,0,0,0,0,4
hyperledger/governance,2026-04,0,0,0,0,0,1,0,0,0,0,0,0,0,0,0,1
hyperledger-dlt-landscape/hyperledger-dlt-landscape,2023-04,33,22,12,1,18,4,0,0,0,0,0,0,0,0,0,90
hyperledger-dlt-landscape/hyperledger-dlt-landscape,2023-05,16,22,10,5,10,5,3,0,0,0,0,0,0,0,0,71
hyperledger-dlt-landscape/hyperledger-dlt-landscape,2023-06,20,11,4,0,14,5,0,0,0,0,0,0,0,0,0,54
hyperledger-dlt-landscape/hyperledger-dlt-landscape,2023-07,10,9,0,0,8,2,0,0,0,0,0,0,0,0,0,29
hyperledger-dlt-landscape/hyperledger-dlt-landscape,2023-08,9,9,7,0,4,2,0,0,0,0,0,0,0,0,0,31
hyperledger-dlt-landscape/hyperledger-dlt-landscape,2023-09,7,3,2,0,4,1,0,0,0,0,0,0,0,0,0,17
hyperledger-dlt-landscape/hyperledger-dlt-landscape,2023-10,4,2,0,3,4,1,1,0,0,0,0,0,0,0,0,15
hyperledger-dlt-landscape/hyperledger-dlt-landscape,2023-11,3,0,0,1,0,0,0,0,0,0,0,0,0,0,0,4
hyperledger-dlt-landscape/hyperledger-dlt-landscape,2023-12,7,0,0,1,12,0,0,0,0,0,0,0,0,0,0,20
hyperledger-dlt-landscape/hyperledger-dlt-landscape,2024-01,12,3,0,0,6,1,0,0,0,0,0,0,0,0,0,22
hyperledger-dlt-landscape/hyperledger-dlt-landscape,2024-02,6,7,3,2,0,0,0,0,0,0,0,0,0,0,0,18
hyperledger-dlt-landscape/hyperledger-dlt-landscape,2024-04,2,3,1,0,1,0,0,0,0,0,0,0,0,0,0,7
hyperledger-dlt-landscape/hyperledger-dlt-landscape,2024-05,5,1,0,0,7,1,0,0,0,0,0,0,0,0,0,14
hyperledger-dlt-landscape/hyperledger-dlt-landscape,2024-06,6,2,0,0,1,1,0,0,0,0,0,0,0,0,0,10
hyperledger-dlt-landscape/hyperledger-dlt-landscape,2024-08,2,1,1,0,1,0,0,0,0,0,0,0,0,0,0,5
hyperledger-dlt-landscape/hyperledger-dlt-landscape,2024-09,2,4,0,1,2,1,0,0,0,0,0,0,0,0,0,10
hyperledger-dlt-landscape/hyperledger-dlt-landscape,2024-11,19,22,9,2,13,2,0,0,0,0,0,0,0,0,0,67
hyperledger-dlt-landscape/hyperledger-dlt-landscape,2025-02,2,1,1,0,2,0,0,0,0,0,0,0,0,0,0,6
hyperledger-dlt-landscape/hyperledger-dlt-landscape,2025-03,1,0,0,2,1,1,0,0,0,0,0,0,0,0,0,5
hyperledger-dlt-landscape/hyperledger-dlt-landscape,2025-04,0,0,0,1,0,0,0,0,0,0,0,0,0,0,0,1
hyperledger-dlt-landscape/hyperledger-dlt-landscape,2025-05,9,6,4,0,13,0,0,0,0,0,0,0,0,0,0,32
hyperledger-dlt-landscape/hyperledger-dlt-landscape,2025-06,1,0,0,0,2,0,0,0,0,0,0,0,0,0,0,3
hyperledger-dlt-landscape/hyperledger-dlt-landscape,2025-08,0,1,0,0,0,0,0,0,0,0,0,0,0,0,0,1
hyperledger-dlt-landscape/hyperledger-dlt-landscape,2025-09,1,2,0,0,1,0,1,0,0,0,0,0,0,0,0,5
hyperledger-dlt-landscape/hyperledger-dlt-landscape,2025-12,0,3,0,0,1,0,0,0,0,0,0,0,0,0,0,4
hyperledger-dlt-landscape/hyperledger-dlt-landscape,2026-04,0,2,0,0,41,0,0,0,0,0,0,0,0,0,0,43
hyperledger-dlt-landscape/hyperledger-dlt-landscape,2026-05,0,5,0,0,0,0,0,0,0,0,0,0,0,0,0,5
hyperledger-labs/governance,2022-06,0,1,2,1,0,1,0,1,0,0,0,0,0,0,0,6
hyperledger-labs/governance,2022-07,0,1,0,2,0,0,2,0,0,0,0,0,0,0,0,5
hyperledger-labs/governance,2022-08,0,1,0,5,0,0,4,0,0,0,0,0,0,0,0,10
hyperledger-labs/governance,2022-11,0,0,0,0,0,0,1,0,0,0,0,0,0,0,0,1
hyperledger-labs/governance,2023-01,0,0,0,2,0,0,1,0,0,0,0,0,0,0,0,3
hyperledger-labs/governance,2023-02,0,2,0,2,0,0,2,0,0,0,0,0,0,0,0,6
hyperledger-labs/governance,2023-03,0,1,0,1,0,0,1,0,0,0,0,0,0,0,0,3
hyperledger-labs/governance,2023-05,0,0,0,1,0,0,1,0,0,0,0,0,0,0,0,2
hyperledger-labs/governance,2023-06,0,0,0,3,0,0,3,0,0,0,0,0,0,0,0,6
hyperledger-labs/governance,2023-07,0,0,0,2,0,0,2,0,0,0,0,0,0,0,0,4
hyperledger-labs/governance,2023-08,0,0,0,2,0,0,0,0,0,0,0,0,0,0,0,2
hyperledger-labs/governance,2023-09,0,0,0,4,0,0,2,0,0,0,0,0,0,0,0,6
hyperledger-labs/governance,2023-10,0,0,0,2,0,0,1,0,0,0,0,0,0,0,0,3
hyperledger-labs/governance,2023-11,0,0,0,6,0,0,2,0,0,0,0,0,0,0,0,8
hyperledger-labs/governance,2023-12,0,0,0,1,0,0,1,0,0,0,0,0,0,0,0,2
hyperledger-labs/governance,2024-01,0,0,0,6,0,0,4,0,0,0,0,0,0,0,0,10
hyperledger-labs/governance,2024-02,0,0,0,6,0,0,3,0,0,0,0,0,0,0,0,9
hyperledger-labs/governance,2024-03,11,18,5,7,4,0,2,0,0,0,0,0,0,0,0,47
hyperledger-labs/governance,2024-04,7,6,3,0,5,0,0,0,0,0,0,0,0,0,0,21
hyperledger-labs/governance,2024-05,8,9,3,2,4,4,1,0,1,0,0,0,0,0,0,32
hyperledger-labs/governance,2024-06,11,8,5,2,5,2,1,0,0,0,0,0,0,0,0,34
hyperledger-labs/governance,2024-07,9,5,4,1,4,0,4,0,0,0,0,0,0,0,0,27
hyperledger-labs/governance,2024-08,9,6,4,2,4,1,2,0,0,0,0,0,0,0,0,28
hyperledger-labs/governance,2024-09,4,3,1,2,1,1,2,0,0,0,0,0,0,0,0,14
hyperledger-labs/governance,2024-10,5,5,2,2,3,0,0,0,0,0,0,0,0,0,0,17
hyperledger-labs/governance,2024-11,5,4,1,0,1,1,0,0,0,0,0,0,0,0,0,12
hyperledger-labs/governance,2024-12,2,2,0,2,0,1,2,0,0,0,0,0,0,0,0,9
hyperledger-labs/governance,2025-02,9,5,5,0,5,0,5,0,0,0,0,0,0,0,0,29
hyperledger-labs/governance,2025-03,6,4,4,1,4,0,5,0,0,0,0,0,0,0,0,24
hyperledger-labs/governance,2025-04,5,3,2,0,2,0,0,0,0,0,0,0,0,0,0,12
hyperledger-labs/governance,2025-05,8,9,1,0,4,2,0,0,0,0,0,0,0,0,0,24
hyperledger-labs/governance,2025-06,10,5,4,1,5,1,0,0,0,0,0,0,0,0,0,26
hyperledger-labs/governance,2025-07,2,3,1,0,2,0,1,0,0,0,0,0,0,0,0,9
hyperledger-labs/governance,2025-08,1,1,0,0,0,1,0,0,0,0,0,0,0,0,0,3
hyperledger-labs/governance,2025-09,2,1,0,0,0,0,0,0,0,0,0,0,0,0,0,3
hyperledger-labs/governance,2025-10,0,4,2,0,2,3,0,0,0,0,0,0,0,0,0,11
hyperledger-labs/governance,2025-11,0,1,0,0,0,0,0,0,0,0,0,0,0,0,0,1
hyperledger-labs/governance,2025-12,2,2,0,0,0,0,0,0,0,0,0,0,0,0,0,4
hyperledger-labs/governance,2026-01,1,2,0,0,0,1,0,0,0,0,0,0,0,0,0,4
hyperledger-labs/governance,2026-02,2,2,3,0,3,0,0,0,0,0,0,0,0,0,0,10
hyperledger-labs/governance,2026-03,0,1,1,0,1,0,0,0,0,0,0,0,0,0,0,3
hyperledger-labs/governance,2026-04,0,0,1,0,1,0,0,0,0,0,0,0,0,0,0,2
hyperledger-labs/governance,2026-05,0,0,1,0,2,0,0,0,0,0,0,0,0,0,0,3
hyperledger/fabric-docs-i18n,2020-06,21,11,5,0,0,0,0,2,0,0,0,0,0,0,0,39
hyperledger/fabric-docs-i18n,2020-07,1,5,0,0,0,0,0,1,0,0,0,0,0,0,0,7
hyperledger/fabric-docs-i18n,2020-08,5,14,0,1,1,0,1,1,0,0,0,0,0,0,0,23
hyperledger/fabric-docs-i18n,2020-09,4,3,0,4,0,1,0,1,0,0,0,0,0,0,0,13
hyperledger/fabric-docs-i18n,2020-11,1,1,0,0,0,0,0,0,0,0,0,0,0,0,0,2
hyperledger/fabric-docs-i18n,2021-02,3,2,0,0,0,0,0,1,0,0,0,0,0,0,0,6
hyperledger/fabric-docs-i18n,2021-03,35,32,3,6,3,26,3,0,0,0,0,0,0,0,0,108
hyperledger/fabric-docs-i18n,2021-04,2,2,0,3,0,3,0,0,0,0,0,0,0,0,0,10
hyperledger/fabric-docs-i18n,2021-05,5,5,0,2,0,6,0,0,0,0,0,0,0,0,0,18
hyperledger/fabric-docs-i18n,2021-06,7,6,0,1,1,4,1,0,0,0,0,0,0,0,0,20
hyperledger/fabric-docs-i18n,2021-07,3,3,1,4,1,1,0,0,0,0,0,0,0,0,0,13
hyperledger/fabric-docs-i18n,2021-08,5,5,1,1,1,0,2,0,0,0,0,0,0,0,0,15
hyperledger/fabric-docs-i18n,2021-09,1,1,0,0,0,1,0,0,0,0,0,0,0,0,0,3
hyperledger/fabric-docs-i18n,2021-10,6,7,1,1,1,5,2,0,0,0,0,0,0,0,0,23
hyperledger/fabric-docs-i18n,2021-11,3,4,0,0,0,4,0,0,0,0,0,0,0,0,0,11
hyperledger/fabric-docs-i18n,2021-12,1,1,0,0,0,1,1,0,0,0,0,0,0,0,0,4
hyperledger/fabric-docs-i18n,2022-01,3,3,0,0,0,3,0,0,0,0,0,0,0,0,0,9
hyperledger/fabric-docs-i18n,2022-04,19,17,0,2,2,3,1,1,0,0,0,0,0,0,0,45
hyperledger/fabric-docs-i18n,2022-07,0,1,2,0,1,0,0,0,0,0,0,0,0,0,0,4
hyperledger/fabric-docs-i18n,2022-08,0,0,0,0,0,0,0,1,0,0,0,0,0,0,0,1
hyperledger/fabric-docs-i18n,2023-05,1,1,0,2,0,2,0,0,1,0,0,0,0,0,0,7
hyperledger/fabric-docs-i18n,2023-06,12,8,1,8,2,4,0,0,0,0,0,0,0,0,0,35
hyperledger/fabric-docs-i18n,2023-07,0,0,0,0,0,0,1,0,0,0,0,0,0,0,0,1
hyperledger/fabric-docs-i18n,2023-08,6,5,1,1,1,3,0,0,0,0,0,0,0,0,0,17
hyperledger/fabric-docs-i18n,2023-10,1,1,0,0,0,0,0,0,0,0,0,0,0,0,0,2
hyperledger/fabric-docs-i18n,2023-11,4,4,0,3,1,0,2,0,0,0,0,0,0,0,0,14
hyperledger/fabric-docs-i18n,2024-06,1,1,0,0,0,1,0,0,0,0,0,0,0,0,0,3
hyperledger/fabric-docs-i18n,2024-07,1,1,0,0,0,0,0,0,0,0,0,0,0,0,0,2
hyperledger/fabric-docs-i18n,2025-01,2,1,1,0,1,0,0,0,0,0,0,0,0,0,0,5
hyperledger/fabric-docs-i18n,2025-09,11,5,2,1,10,1,0,0,0,0,0,0,0,0,0,30
hyperledger/fabric-docs-i18n,2026-02,0,1,0,0,0,0,0,0,0,0,0,0,0,0,0,1
hyperledger/toc,2022-12,0,0,0,0,0,0,0,1,0,0,0,0,0,0,0,1
hyperledger/toc,2023-01,7,5,0,5,0,3,2,0,1,0,0,0,0,0,0,23
hyperledger/toc,2023-02,16,13,1,5,1,21,1,0,7,0,0,0,0,0,0,65
hyperledger/toc,2023-03,5,11,0,2,0,11,1,0,6,0,0,0,0,0,0,36
hyperledger/toc,2023-04,8,10,0,2,0,5,0,0,0,0,0,0,0,0,0,25
hyperledger/toc,2023-05,12,14,4,5,4,9,2,0,5,0,0,0,0,0,0,55
hyperledger/toc,2023-06,12,17,1,2,2,1,0,0,0,0,0,0,0,0,0,35
hyperledger/toc,2023-07,3,4,0,1,0,0,0,0,0,0,0,0,0,0,0,8
hyperledger/toc,2023-08,13,12,5,4,2,2,0,0,1,0,0,0,0,0,0,39
hyperledger/toc,2023-09,6,9,0,3,1,0,0,1,0,0,0,0,0,0,0,20
hyperledger/toc,2023-10,5,9,1,2,1,1,0,0,0,0,0,0,0,0,0,19
hyperledger/toc,2023-11,2,4,0,0,0,0,0,1,0,0,0,0,0,0,0,7
hyperledger/toc,2023-12,3,5,0,0,0,1,10,0,0,0,0,0,0,0,0,19
hyperledger/toc,2024-01,4,12,0,1,0,0,0,0,0,0,0,0,0,0,0,17
hyperledger/toc,2024-02,6,8,1,0,1,3,0,0,0,0,0,0,0,0,0,19
hyperledger/toc,2024-03,5,5,1,0,1,1,0,0,0,0,0,0,0,0,0,13
hyperledger/toc,2024-04,9,8,0,0,0,2,3,1,2,0,0,0,0,0,0,25
hyperledger/toc,2024-05,5,6,0,2,1,4,0,0,1,0,0,0,0,0,0,19
hyperledger/toc,2024-06,6,6,0,1,0,2,0,0,0,0,0,0,0,0,0,15
hyperledger/toc,2024-07,0,0,0,0,0,1,0,0,1,0,0,0,0,0,0,2
hyperledger/toc,2024-08,3,4,0,0,2,1,0,0,0,0,0,0,0,0,0,10
hyperledger/toc,2024-09,2,1,1,0,0,1,0,0,0,0,0,0,0,0,0,5
hyperledger/toc,2024-10,2,2,0,0,1,0,0,0,0,0,0,0,0,0,0,5
hyperledger/toc,2024-12,0,1,0,0,0,0,0,0,0,0,0,0,0,0,0,1
LF-Decentralized-Trust/governance,2024-07,1,1,1,0,1,0,0,0,0,1,0,0,0,0,0,5
LF-Decentralized-Trust/governance,2024-08,6,2,3,0,2,0,0,0,0,0,0,0,0,0,0,13
LF-Decentralized-Trust/governance,2024-09,21,26,1,1,1,11,0,0,3,0,0,0,0,0,0,64
LF-Decentralized-Trust/governance,2024-10,13,9,3,1,3,0,0,0,0,0,0,0,0,0,0,29
LF-Decentralized-Trust/governance,2024-11,5,4,1,0,2,0,0,0,0,0,0,0,0,0,0,12
LF-Decentralized-Trust/governance,2024-12,11,10,5,0,4,0,10,1,0,0,0,0,0,0,0,41
LF-Decentralized-Trust/governance,2025-01,14,11,4,1,4,1,0,0,0,0,5,0,0,0,0,40
LF-Decentralized-Trust/governance,2025-02,4,4,2,1,2,0,0,0,0,0,0,0,0,0,0,13
LF-Decentralized-Trust/governance,2025-03,9,6,2,1,4,2,0,0,0,0,0,0,0,0,0,24
LF-Decentralized-Trust/governance,2025-04,6,6,0,5,1,0,0,0,0,0,0,0,0,0,0,18
LF-Decentralized-Trust/governance,2025-05,6,6,1,1,2,0,0,0,0,0,0,0,0,0,0,16
LF-Decentralized-Trust/governance,2025-06,2,1,0,1,0,0,0,0,0,0,0,0,0,0,0,4
LF-Decentralized-Trust/governance,2025-07,6,6,1,0,1,0,0,0,0,0,0,0,0,0,0,14
LF-Decentralized-Trust/governance,2025-08,13,8,2,1,1,1,0,0,0,0,0,0,0,0,0,26
LF-Decentralized-Trust/governance,2025-09,10,15,1,1,3,2,0,0,1,0,0,0,0,0,0,33
LF-Decentralized-Trust/governance,2025-10,3,5,3,0,1,1,1,0,0,0,0,0,0,0,0,14
LF-Decentralized-Trust/governance,2025-11,2,11,3,0,2,1,4,0,0,0,0,0,0,0,0,23
LF-Decentralized-Trust/governance,2025-12,0,1,0,0,1,0,7,0,0,0,0,0,0,0,0,9
LF-Decentralized-Trust/governance,2026-01,2,11,2,0,3,1,0,0,0,0,0,0,0,0,0,19
LF-Decentralized-Trust/governance,2026-02,1,5,1,1,4,1,3,0,0,0,0,0,0,0,0,16
LF-Decentralized-Trust/governance,2026-03,1,7,0,0,2,0,0,0,0,0,0,0,0,0,0,10
LF-Decentralized-Trust/governance,2026-04,0,8,0,0,0,0,0,0,0,0,0,0,0,0,0,8
LF-Decentralized-Trust/governance,2026-05,0,5,1,0,2,0,0,0,0,0,0,0,0,0,0,8
hyperledger/fabric,2016-05,0,0,0,0,0,0,0,1,0,0,0,0,0,0,0,1
hyperledger/fabric,2017-10,1,0,0,0,0,0,0,0,0,0,0,0,0,0,0,1
hyperledger/fabric,2018-01,1,0,0,0,0,0,0,0,0,0,0,0,0,0,0,1
hyperledger/fabric,2018-03,36,0,0,25,1,0,0,0,0,0,0,0,0,0,0,62
hyperledger/fabric,2018-04,4,0,0,4,0,0,0,0,0,0,0,0,0,0,0,8
hyperledger/fabric,2018-05,4,0,0,4,0,0,0,0,0,0,0,0,0,0,0,8
hyperledger/fabric,2018-06,6,0,0,6,0,0,0,0,0,0,0,0,0,0,0,12
hyperledger/fabric,2018-07,2,0,0,2,0,0,0,0,0,0,0,0,0,0,0,4
hyperledger/fabric,2018-08,12,0,0,12,0,0,0,0,0,0,0,0,0,0,0,24
hyperledger/fabric,2018-09,9,0,0,9,0,0,0,0,0,0,0,0,0,0,0,18
hyperledger/fabric,2019-01,4,0,0,2,0,0,0,1,0,0,0,0,0,0,0,7
hyperledger/fabric,2019-02,5,0,0,5,0,0,0,0,0,1,0,0,0,0,0,11
hyperledger/fabric,2019-03,2,0,0,2,0,0,0,0,0,0,0,0,0,0,0,4
hyperledger/fabric,2019-05,16,0,0,16,0,0,0,1,0,0,0,0,0,0,0,33
hyperledger/fabric,2019-06,0,0,0,0,0,0,0,1,0,0,0,0,0,0,0,1
hyperledger/fabric,2019-08,13,0,0,13,0,0,0,0,0,0,0,0,0,0,0,26
hyperledger/fabric,2019-09,7,0,0,5,0,0,0,0,0,0,0,0,0,0,0,12
hyperledger/fabric,2019-11,0,0,0,2,0,0,0,0,0,0,0,0,0,0,0,2
hyperledger/fabric,2019-12,0,0,0,1,0,0,0,0,0,0,0,0,0,0,0,1
hyperledger/fabric,2020-01,2,0,0,7,0,0,0,2,3,0,0,0,0,0,0,14
hyperledger/fabric,2020-02,1,1,0,5,0,0,0,1,2,0,0,0,0,0,0,10
hyperledger/fabric,2020-03,1,0,0,3,0,0,0,0,0,0,0,1,0,0,0,5
hyperledger/fabric,2020-04,4,0,0,2,0,0,0,2,1,0,0,0,0,0,0,9
hyperledger/fabric,2020-05,1,0,0,0,0,0,0,1,0,0,0,0,0,0,0,2
hyperledger/fabric,2020-06,0,0,0,0,0,0,0,0,2,0,0,0,0,0,0,2
hyperledger/fabric,2020-07,1,2,1,0,0,0,0,1,2,0,0,0,0,0,0,7
hyperledger/fabric,2020-10,1,0,0,0,0,0,0,1,0,0,0,0,0,0,0,2
hyperledger/fabric,2021-02,0,0,0,1,0,0,0,0,0,0,0,0,0,0,0,1
hyperledger/fabric,2021-03,5,3,0,0,1,1,0,1,0,0,0,0,0,0,0,11
hyperledger/fabric,2021-04,0,0,0,0,0,0,0,1,0,0,0,0,0,0,0,1
hyperledger/fabric,2021-05,3,1,0,2,0,0,0,0,0,0,0,0,0,0,0,6
hyperledger/fabric,2021-06,4,2,0,7,1,0,0,0,0,0,0,0,0,0,0,14
hyperledger/fabric,2021-09,1,1,0,0,0,2,0,0,0,0,0,0,0,0,0,4
hyperledger/fabric,2021-10,0,1,0,0,0,0,0,0,0,0,0,0,0,0,0,1
hyperledger/fabric,2021-11,1,1,0,0,0,0,0,0,0,0,0,0,0,0,0,2
hyperledger/fabric,2022-02,1,0,0,0,0,0,0,1,0,0,0,0,0,0,0,2
hyperledger/fabric,2022-03,1,1,1,0,0,6,0,0,4,0,0,0,0,0,0,13
hyperledger/fabric,2022-04,2,0,1,0,1,0,0,0,0,0,0,0,0,0,0,4
hyperledger/fabric,2022-05,4,1,0,10,0,0,0,0,0,0,0,0,0,0,0,15
hyperledger/fabric,2022-06,0,0,0,1,0,0,0,0,0,0,0,0,0,0,0,1
hyperledger/fabric,2022-08,0,0,0,0,0,0,0,1,0,0,0,0,0,0,0,1
hyperledger/fabric,2023-01,1,1,1,1,0,0,1,0,0,0,0,0,0,0,0,5
hyperledger/fabric,2023-02,0,0,0,0,1,0,0,1,0,0,0,0,0,0,0,2
hyperledger/fabric,2023-04,1,1,1,0,1,0,0,0,0,0,0,0,0,0,0,4
hyperledger/fabric,2023-08,1,0,1,0,0,0,0,0,0,0,0,0,0,0,0,2
hyperledger/fabric,2024-03,1,0,1,0,1,0,0,0,0,0,0,0,0,0,0,3
hyperledger/fabric,2024-04,1,0,1,0,1,0,0,0,0,0,0,0,0,0,0,3
hyperledger/fabric,2024-05,1,0,0,0,0,0,0,0,0,0,0,0,0,0,0,1
hyperledger/fabric,2024-06,2,3,1,0,1,0,0,0,0,0,0,0,0,0,0,7
hyperledger/fabric,2024-08,0,0,0,1,0,0,1,0,0,0,0,0,0,0,0,2
hyperledger/fabric,2024-09,0,0,0,3,0,0,0,0,0,0,0,0,0,0,0,3
hyperledger/fabric,2024-11,0,0,0,1,0,0,0,0,0,0,0,0,0,0,0,1
hyperledger/fabric,2025-01,4,2,1,0,1,0,0,0,0,0,0,0,0,0,0,8
hyperledger/fabric,2025-05,0,0,0,1,0,0,0,0,0,0,0,0,0,0,0,1
hyperledger/fabric,2026-05,0,0,1,0,0,0,0,0,0,0,0,0,0,0,0,1
hyperledger-labs/hyperledger-labs.github.io,2018-01,0,0,2,0,0,0,0,0,0,0,0,0,0,0,0,2
hyperledger-labs/hyperledger-labs.github.io,2018-04,0,0,0,0,0,0,0,1,0,0,0,0,0,0,0,1
hyperledger-labs/hyperledger-labs.github.io,2018-08,1,1,0,0,0,0,0,0,0,0,0,0,0,0,0,2
hyperledger-labs/hyperledger-labs.github.io,2018-10,2,2,0,3,0,0,0,0,0,0,0,0,0,0,0,7
hyperledger-labs/hyperledger-labs.github.io,2019-01,0,0,0,3,0,0,0,0,0,0,0,0,0,0,0,3
hyperledger-labs/hyperledger-labs.github.io,2019-02,2,1,0,2,0,0,0,0,0,0,0,0,0,0,0,5
hyperledger-labs/hyperledger-labs.github.io,2019-03,0,0,0,1,0,0,0,0,0,0,0,0,0,0,0,1
hyperledger-labs/hyperledger-labs.github.io,2019-05,1,1,0,5,0,0,0,0,0,0,0,0,0,0,0,7
hyperledger-labs/hyperledger-labs.github.io,2019-06,1,1,0,2,0,0,0,0,0,0,0,0,0,0,0,4
hyperledger-labs/hyperledger-labs.github.io,2019-07,3,2,0,0,0,0,0,1,0,0,0,0,0,0,0,6
hyperledger-labs/hyperledger-labs.github.io,2019-08,2,2,0,1,0,0,0,0,1,0,0,0,0,0,0,6
hyperledger-labs/hyperledger-labs.github.io,2019-09,3,2,0,2,0,0,0,0,0,0,0,0,0,0,0,7
hyperledger-labs/hyperledger-labs.github.io,2019-10,2,1,0,0,0,0,0,1,0,0,0,0,0,0,0,4
hyperledger-labs/hyperledger-labs.github.io,2019-11,3,1,0,3,0,0,0,1,0,0,0,0,0,0,0,8
hyperledger-labs/hyperledger-labs.github.io,2019-12,0,0,0,1,0,0,0,0,0,0,0,0,0,0,0,1
hyperledger-labs/hyperledger-labs.github.io,2020-03,3,1,0,1,0,0,0,0,0,0,0,0,0,0,0,5
hyperledger-labs/hyperledger-labs.github.io,2020-04,2,0,0,0,0,0,0,1,0,0,0,0,0,0,0,3
hyperledger-labs/hyperledger-labs.github.io,2020-05,1,1,0,4,0,0,0,0,0,0,0,0,0,0,0,6
hyperledger-labs/hyperledger-labs.github.io,2020-06,2,1,0,0,0,0,0,1,0,0,0,0,0,0,0,4
hyperledger-labs/hyperledger-labs.github.io,2020-07,1,9,1,1,4,0,0,0,0,0,0,0,0,0,0,16
hyperledger-labs/hyperledger-labs.github.io,2020-08,1,1,0,0,0,0,0,0,0,0,0,0,0,0,0,2
hyperledger-labs/hyperledger-labs.github.io,2020-10,5,8,0,2,0,1,0,1,0,0,0,0,0,0,0,17
hyperledger-labs/hyperledger-labs.github.io,2020-12,0,0,0,0,0,1,0,0,1,0,0,0,0,0,0,2
hyperledger-labs/hyperledger-labs.github.io,2021-01,1,1,1,0,1,1,0,0,1,0,0,0,0,0,0,6
hyperledger-labs/hyperledger-labs.github.io,2021-02,5,1,0,4,0,0,0,0,0,0,0,0,0,0,0,10
hyperledger-labs/hyperledger-labs.github.io,2021-04,3,5,1,0,1,0,0,1,0,0,0,0,0,0,0,11
hyperledger-labs/hyperledger-labs.github.io,2021-06,3,7,1,5,1,1,0,0,1,0,0,0,0,0,0,19
hyperledger-labs/hyperledger-labs.github.io,2021-08,0,0,0,1,0,0,0,0,0,0,0,0,0,0,0,1
hyperledger-labs/hyperledger-labs.github.io,2021-09,0,1,0,0,0,0,0,0,0,0,0,0,0,0,0,1
hyperledger-labs/hyperledger-labs.github.io,2022-01,4,3,1,0,4,0,0,0,0,0,0,0,0,0,0,12
hyperledger-labs/hyperledger-labs.github.io,2022-02,1,1,0,3,0,0,0,0,0,0,0,0,0,0,0,5
hyperledger-labs/hyperledger-labs.github.io,2022-03,1,0,0,0,0,0,0,0,0,0,0,0,0,0,0,1
hyperledger-labs/hyperledger-labs.github.io,2022-04,4,8,1,5,1,0,0,0,0,0,0,0,0,0,0,19
hyperledger-labs/hyperledger-labs.github.io,2022-06,7,7,0,2,1,6,0,0,1,0,0,0,0,0,0,24
hyperledger-labs/hyperledger-labs.github.io,2022-07,1,1,0,1,0,0,0,0,0,0,0,0,0,0,0,3
hyperledger-labs/hyperledger-labs.github.io,2022-12,1,0,0,0,0,0,0,0,0,0,0,0,0,0,0,1
hyperledger-labs/hyperledger-labs.github.io,2023-01,1,1,0,0,0,0,0,0,0,0,0,0,0,0,0,2
hyperledger-labs/hyperledger-labs.github.io,2023-03,2,3,0,0,0,2,0,0,1,0,0,0,0,0,0,8
hyperledger-labs/hyperledger-labs.github.io,2023-05,0,0,0,5,0,0,2,0,0,0,0,0,0,0,0,7
hyperledger-labs/hyperledger-labs.github.io,2023-06,0,1,0,1,0,0,0,0,0,0,0,0,0,0,0,2
hyperledger-labs/hyperledger-labs.github.io,2023-07,0,2,0,2,0,0,1,0,0,0,0,0,0,0,0,5
hyperledger-labs/hyperledger-labs.github.io,2023-08,1,2,1,2,0,2,0,0,0,0,0,0,0,0,0,8
hyperledger-labs/hyperledger-labs.github.io,2023-09,2,2,0,6,1,0,0,0,0,0,0,0,0,0,0,11
hyperledger-labs/hyperledger-labs.github.io,2023-11,0,4,0,0,0,0,0,0,0,0,0,0,0,0,0,4
hyperledger-labs/hyperledger-labs.github.io,2023-12,6,3,0,4,0,0,0,0,0,0,0,0,0,0,0,13
hyperledger-labs/hyperledger-labs.github.io,2024-01,0,2,0,1,0,0,0,0,0,0,0,0,0,0,0,3
hyperledger-labs/hyperledger-labs.github.io,2024-02,0,4,0,0,0,0,0,0,0,0,0,0,0,0,0,4
hyperledger-labs/hyperledger-labs.github.io,2024-03,0,0,0,2,0,0,0,0,0,0,0,0,0,0,0,2
hyperledger-labs/hyperledger-labs.github.io,2024-04,3,1,1,1,1,0,0,0,0,0,0,0,0,0,0,7
hyperledger-labs/hyperledger-labs.github.io,2024-05,0,0,0,0,0,1,0,0,0,0,0,0,0,0,0,1
hyperledger-labs/hyperledger-labs.github.io,2024-08,1,1,1,0,1,0,0,0,0,0,0,0,0,0,0,4
hyperledger/indy-sdk,2019-05,0,0,0,0,0,0,0,2,0,0,0,0,0,0,0,2
hyperledger/indy-sdk,2019-09,2,1,0,0,0,0,0,0,0,0,0,0,0,0,0,3
hyperledger/indy-sdk,2020-05,0,0,0,1,0,0,22,0,0,0,0,0,0,0,0,23
hyperledger/indy-sdk,2020-09,0,0,0,0,0,0,8,0,0,0,0,0,0,0,0,8
hyperledger/indy-sdk,2020-10,0,0,0,0,5,0,0,0,0,0,0,0,0,0,0,5
hyperledger/indy-sdk,2020-11,0,0,0,1,0,0,0,0,0,0,0,0,0,0,0,1
hyperledger/indy-sdk,2020-12,0,0,0,1,0,0,0,0,0,0,0,0,0,0,0,1
hyperledger/indy-sdk,2021-09,5,0,2,0,1,0,0,0,0,0,0,0,0,0,0,8
hyperledger/indy-sdk,2022-08,2,1,2,0,2,0,0,0,0,0,0,0,0,0,0,7
hyperledger/indy-sdk,2023-01,0,0,0,3,0,0,1,0,0,0,0,0,0,0,0,4
hyperledger/indy-sdk,2023-10,0,0,0,0,0,1,0,0,0,0,0,0,0,0,0,1
hyperledger/indy-sdk,2024-02,98,0,0,0,3,0,105,0,0,0,0,0,0,0,0,206
hyperledger-labs/minifabric,2020-10,12,3,0,2,0,5,0,2,0,0,0,0,0,0,0,24
hyperledger-labs/minifabric,2020-11,4,1,2,2,1,8,0,0,0,0,0,0,0,0,0,18
hyperledger-labs/minifabric,2020-12,0,0,0,0,0,3,0,0,0,0,0,0,0,0,0,3
hyperledger-labs/minifabric,2021-01,2,2,2,2,2,2,0,0,0,0,0,0,0,0,0,12
hyperledger-labs/minifabric,2021-02,11,6,2,0,2,3,1,1,0,0,0,0,0,0,0,26
hyperledger-labs/minifabric,2021-03,6,4,2,0,2,2,0,0,0,0,0,0,0,0,0,16
hyperledger-labs/minifabric,2021-04,10,8,3,1,2,1,2,3,0,0,0,0,0,0,0,30
hyperledger-labs/minifabric,2021-05,5,5,1,0,1,3,0,0,0,0,0,0,0,0,0,15
hyperledger-labs/minifabric,2021-06,3,3,0,0,0,0,2,0,0,0,0,0,0,0,0,8
hyperledger-labs/minifabric,2021-07,1,1,0,0,0,1,0,0,0,0,0,0,0,0,0,3
hyperledger-labs/minifabric,2021-08,5,5,0,1,0,3,0,0,0,0,0,0,0,0,0,14
hyperledger-labs/minifabric,2021-09,1,0,0,0,0,0,0,0,0,0,0,0,0,0,0,1
hyperledger-labs/minifabric,2021-10,1,1,0,0,0,1,0,0,0,0,0,0,0,0,0,3
hyperledger-labs/minifabric,2022-01,1,1,0,1,0,1,0,0,0,0,0,0,0,0,0,4
hyperledger-labs/minifabric,2022-02,2,1,1,0,1,0,0,0,0,0,0,0,0,0,0,5
hyperledger-labs/minifabric,2022-03,0,0,0,0,0,0,0,1,0,0,0,0,0,0,0,1
hyperledger-labs/minifabric,2022-11,2,2,0,0,0,0,0,0,0,0,0,0,0,0,0,4
hyperledger-labs/minifabric,2023-01,0,0,0,1,0,0,0,0,0,0,0,0,0,0,0,1
hyperledger-labs/minifabric,2023-02,1,1,0,2,1,3,0,0,0,0,0,0,0,0,0,8
hyperledger-labs/minifabric,2023-03,0,9,0,0,0,0,0,0,0,0,0,0,0,0,0,9
hyperledger-labs/minifabric,2023-04,7,8,4,3,6,2,0,0,0,0,0,0,0,0,0,30
hyperledger-labs/minifabric,2023-07,2,2,1,2,3,0,0,0,0,0,0,0,0,0,0,10
hyperledger-labs/minifabric,2023-11,3,1,0,0,0,1,0,0,0,0,0,0,0,0,0,5
LF-Decentralized-Trust-labs/governance,2024-10,0,0,2,0,0,0,0,0,0,0,0,0,0,0,0,2
LF-Decentralized-Trust-labs/governance,2024-11,16,10,7,0,5,1,0,0,0,0,0,0,0,0,0,39
LF-Decentralized-Trust-labs/governance,2024-12,2,1,1,0,1,0,0,0,0,0,0,0,0,0,0,5
LF-Decentralized-Trust-labs/governance,2025-01,4,2,2,0,2,0,0,0,0,0,0,0,0,0,0,10
LF-Decentralized-Trust-labs/governance,2025-02,3,3,0,0,0,1,0,0,0,0,0,0,0,0,0,7
LF-Decentralized-Trust-labs/governance,2025-03,2,1,1,0,1,0,0,0,0,0,0,0,0,0,0,5
LF-Decentralized-Trust-labs/governance,2025-04,15,10,8,0,6,1,0,0,0,0,0,0,0,0,0,40
LF-Decentralized-Trust-labs/governance,2025-05,8,5,6,0,5,0,0,0,0,0,0,0,0,0,0,24
LF-Decentralized-Trust-labs/governance,2025-06,4,2,1,0,1,1,0,0,0,0,0,0,0,0,0,9
LF-Decentralized-Trust-labs/governance,2025-07,6,5,2,0,5,2,0,0,0,0,0,0,0,0,0,20
LF-Decentralized-Trust-labs/governance,2025-08,2,3,3,0,2,0,0,0,0,0,0,0,0,0,0,10
LF-Decentralized-Trust-labs/governance,2025-09,9,3,5,0,2,0,0,0,0,0,0,0,0,0,0,19
LF-Decentralized-Trust-labs/governance,2025-10,1,1,0,0,1,1,0,0,0,0,0,0,0,0,0,4
LF-Decentralized-Trust-labs/governance,2025-11,4,1,3,0,4,0,0,0,0,0,0,0,0,0,0,12
LF-Decentralized-Trust-labs/governance,2025-12,0,0,0,0,0,1,0,0,0,0,0,0,0,0,0,1
LF-Decentralized-Trust-labs/governance,2026-01,0,2,0,0,4,0,0,0,0,0,0,0,0,0,0,6
LF-Decentralized-Trust-labs/governance,2026-02,4,0,0,0,1,0,0,0,0,0,0,0,0,0,0,5
LF-Decentralized-Trust-labs/governance,2026-03,0,3,1,0,1,0,0,0,0,0,0,0,0,0,0,5
LF-Decentralized-Trust-labs/governance,2026-04,1,2,3,0,2,0,0,0,0,0,0,0,0,0,0,8
LF-Decentralized-Trust-labs/governance,2026-05,0,2,2,0,2,0,0,0,0,0,0,0,0,0,0,6
openwallet-foundation/governance,2024-03,5,7,4,0,1,1,0,0,0,0,0,0,0,0,0,18
openwallet-foundation/governance,2024-04,1,1,0,0,0,0,0,0,0,0,0,0,0,0,0,2
openwallet-foundation/governance,2024-05,1,1,0,0,0,0,0,0,0,0,0,0,0,0,0,2
openwallet-foundation/governance,2024-06,4,2,2,0,2,2,0,0,0,0,0,0,0,0,0,12
openwallet-foundation/governance,2024-08,0,0,0,1,1,1,0,0,0,0,0,0,0,0,0,3
openwallet-foundation/governance,2024-09,6,2,3,0,3,0,0,0,0,0,0,0,0,0,0,14
openwallet-foundation/governance,2024-10,13,11,5,5,5,3,0,0,1,0,0,0,0,0,0,43
openwallet-foundation/governance,2024-11,4,4,0,2,0,4,0,0,1,0,0,0,0,0,0,15
openwallet-foundation/governance,2024-12,3,1,0,0,0,3,0,0,0,0,0,0,0,0,0,7
openwallet-foundation/governance,2025-01,10,6,3,2,4,5,1,0,1,0,0,0,0,0,0,32
openwallet-foundation/governance,2025-02,1,1,0,0,0,1,0,0,0,0,0,0,0,0,0,3
openwallet-foundation/governance,2025-03,6,4,0,1,3,0,0,0,0,0,0,0,0,0,0,14
openwallet-foundation/governance,2025-04,4,2,0,0,0,5,0,0,0,0,0,0,0,0,0,11
openwallet-foundation/governance,2025-05,2,1,0,2,0,2,0,0,0,0,0,0,0,0,0,7
openwallet-foundation/governance,2025-06,2,0,0,0,0,0,0,0,0,0,0,0,0,0,0,2
openwallet-foundation/governance,2025-07,1,2,0,0,0,1,0,0,0,0,0,0,0,0,0,4
openwallet-foundation/governance,2025-08,0,1,0,0,0,0,0,0,0,0,0,0,0,0,0,1
openwallet-foundation/governance,2025-09,3,1,0,1,2,2,0,0,0,0,0,0,0,0,0,9
openwallet-foundation/governance,2025-10,3,4,1,0,1,2,0,0,0,0,0,0,0,0,0,11
openwallet-foundation/governance,2025-12,0,3,0,0,0,1,0,0,0,0,0,0,0,0,0,4
openwallet-foundation/governance,2026-01,0,2,1,0,1,0,0,0,0,0,0,0,0,0,0,4
openwallet-foundation/governance,2026-02,1,1,0,0,1,0,0,0,0,0,0,0,0,0,0,3
openwallet-foundation/governance,2026-05,1,1,1,0,0,0,0,0,0,0,0,0,0,0,0,3
hiero-ledger/governance,2024-10,5,6,1,5,4,1,0,0,0,0,0,0,0,0,0,22
hiero-ledger/governance,2024-11,4,3,2,0,1,0,2,0,0,0,0,0,0,0,0,12
hiero-ledger/governance,2024-12,2,1,1,1,1,0,0,0,0,0,0,0,0,0,0,6
hiero-ledger/governance,2025-01,2,3,1,0,2,1,0,0,0,0,0,0,0,0,0,9
hiero-ledger/governance,2025-02,4,2,2,0,2,0,0,0,0,0,0,0,0,0,0,10
hiero-ledger/governance,2025-03,8,5,5,7,8,10,0,0,0,0,0,0,0,0,0,43
hiero-ledger/governance,2025-04,3,8,0,2,2,18,1,0,6,0,0,0,0,0,0,40
hiero-ledger/governance,2025-05,0,0,0,1,0,11,0,0,0,0,0,0,0,0,0,12
hiero-ledger/governance,2025-06,0,0,0,0,0,1,0,0,0,0,0,0,0,0,0,1
hiero-ledger/governance,2025-07,0,3,0,5,0,4,0,0,0,0,0,0,0,0,0,12
hiero-ledger/governance,2025-08,3,2,2,1,0,3,0,0,0,0,0,0,0,0,0,11
hiero-ledger/governance,2025-09,1,2,0,1,1,3,0,0,1,0,0,0,0,0,0,9
hiero-ledger/governance,2025-11,0,1,0,0,0,2,0,0,0,0,0,0,0,0,0,3
hiero-ledger/governance,2026-01,1,1,0,0,4,1,0,0,0,0,0,0,0,0,0,7
hiero-ledger/governance,2026-02,0,0,0,1,0,1,0,0,0,0,0,0,0,0,0,2
open-quantum-safe/tsc,2024-03,4,4,4,6,4,0,0,0,0,0,0,0,0,0,0,22
open-quantum-safe/tsc,2024-04,5,5,2,4,2,3,0,1,0,0,0,0,0,0,0,22
open-quantum-safe/tsc,2024-05,8,8,3,4,4,0,0,0,0,0,0,0,0,0,0,27
open-quantum-safe/tsc,2024-06,5,3,1,3,3,0,2,0,0,0,0,0,0,0,0,17
open-quantum-safe/tsc,2024-07,5,3,2,2,2,2,0,0,0,0,0,0,0,0,0,16
open-quantum-safe/tsc,2024-08,7,9,2,9,4,4,1,0,1,0,0,0,0,0,0,37
open-quantum-safe/tsc,2024-09,4,4,1,6,3,2,1,0,0,0,0,0,0,0,0,21
open-quantum-safe/tsc,2024-10,2,1,1,0,1,0,0,0,0,0,0,0,0,0,0,5
open-quantum-safe/tsc,2024-12,2,1,1,2,1,0,1,0,0,0,0,0,0,0,0,8
open-quantum-safe/tsc,2025-05,1,1,1,1,0,0,0,0,0,0,0,0,0,0,0,4
open-quantum-safe/tsc,2025-06,0,0,0,1,0,0,0,0,0,0,0,0,0,0,0,1
open-quantum-safe/tsc,2026-02,0,1,0,2,0,0,0,0,0,0,0,0,0,0,0,3
LF-Decentralized-Trust-labs/LF-Decentralized-Trust-labs.github.io,2024-10,0,0,1,0,0,0,0,0,0,0,0,0,0,0,0,1
LF-Decentralized-Trust-labs/LF-Decentralized-Trust-labs.github.io,2024-11,10,9,2,0,3,8,0,0,0,0,0,0,0,0,0,32
LF-Decentralized-Trust-labs/LF-Decentralized-Trust-labs.github.io,2025-01,5,3,3,0,2,0,0,0,0,0,0,0,0,0,0,13
LF-Decentralized-Trust-labs/LF-Decentralized-Trust-labs.github.io,2025-03,10,9,2,1,4,1,0,0,0,0,0,0,0,0,0,27
LF-Decentralized-Trust-labs/LF-Decentralized-Trust-labs.github.io,2025-04,6,4,2,7,4,1,0,0,0,0,0,0,0,0,0,24
LF-Decentralized-Trust-labs/LF-Decentralized-Trust-labs.github.io,2025-05,5,3,2,3,2,0,0,0,0,0,0,0,0,0,0,15
LF-Decentralized-Trust-labs/LF-Decentralized-Trust-labs.github.io,2025-06,1,1,0,0,1,0,0,0,0,0,0,0,0,0,0,3
LF-Decentralized-Trust-labs/LF-Decentralized-Trust-labs.github.io,2025-07,3,1,1,1,0,2,0,0,0,0,0,0,0,0,0,8
LF-Decentralized-Trust-labs/LF-Decentralized-Trust-labs.github.io,2025-08,0,0,0,2,0,0,0,0,0,0,0,0,0,0,0,2
LF-Decentralized-Trust-labs/LF-Decentralized-Trust-labs.github.io,2025-09,1,3,1,3,0,1,0,0,0,0,0,0,0,0,0,9
LF-Decentralized-Trust-labs/LF-Decentralized-Trust-labs.github.io,2025-10,0,0,0,1,0,0,0,0,0,0,0,0,0,0,0,1
LF-Decentralized-Trust-labs/LF-Decentralized-Trust-labs.github.io,2026-01,3,4,0,3,3,1,0,0,0,0,0,0,0,0,0,14
LF-Decentralized-Trust-labs/LF-Decentralized-Trust-labs.github.io,2026-02,0,1,1,0,0,0,0,0,0,0,0,0,0,0,0,2
LF-Decentralized-Trust-labs/LF-Decentralized-Trust-labs.github.io,2026-03,1,2,2,1,2,0,0,0,0,0,0,0,0,0,0,8
LF-Decentralized-Trust-labs/LF-Decentralized-Trust-labs.github.io,2026-04,0,5,1,1,2,0,0,0,0,0,0,0,0,0,0,9
LF-Decentralized-Trust-labs/LF-Decentralized-Trust-labs.github.io,2026-05,0,5,3,0,3,0,0,0,0,0,0,0,0,0,0,11
openwallet-foundation-labs/governance,2024-03,5,8,3,0,1,2,0,0,1,0,0,0,0,0,0,20
openwallet-foundation-labs/governance,2024-04,3,2,1,0,1,0,0,0,0,0,0,0,0,0,0,7
openwallet-foundation-labs/governance,2024-05,2,1,1,1,1,3,0,0,1,0,0,0,0,0,0,10
openwallet-foundation-labs/governance,2024-06,6,6,1,0,1,4,0,0,0,0,0,0,0,0,0,18
openwallet-foundation-labs/governance,2024-07,1,1,0,1,0,0,0,0,0,0,0,0,0,0,0,3
openwallet-foundation-labs/governance,2024-09,0,0,0,0,0,1,0,0,1,0,0,0,0,0,0,2
openwallet-foundation-labs/governance,2024-10,5,1,1,0,1,1,0,0,0,0,0,0,0,0,0,9
openwallet-foundation-labs/governance,2024-11,2,3,2,1,1,1,0,0,0,0,0,0,0,0,0,10
openwallet-foundation-labs/governance,2025-01,6,4,1,3,1,2,0,0,0,0,0,0,0,0,0,17
openwallet-foundation-labs/governance,2025-02,1,2,0,0,0,1,0,0,0,0,0,0,0,0,0,4
openwallet-foundation-labs/governance,2025-03,4,5,1,0,2,0,0,0,0,0,0,0,0,0,0,12
openwallet-foundation-labs/governance,2025-04,1,1,0,0,0,1,0,0,0,0,0,0,0,0,0,3
openwallet-foundation-labs/governance,2025-06,8,4,1,0,1,0,0,0,0,0,0,0,0,0,0,14
openwallet-foundation-labs/governance,2025-07,1,4,0,0,2,1,0,0,0,0,0,0,0,0,0,8
openwallet-foundation-labs/governance,2025-08,3,1,0,0,0,1,0,0,0,0,0,0,0,0,0,5
openwallet-foundation-labs/governance,2025-09,2,2,0,0,0,1,0,0,0,0,0,0,0,0,0,5
openwallet-foundation-labs/governance,2025-10,0,1,0,0,0,0,0,0,0,0,0,0,0,0,0,1
openwallet-foundation-labs/governance,2025-11,0,1,0,0,0,0,0,0,0,0,0,0,0,0,0,1
openwallet-foundation-labs/governance,2025-12,0,1,0,0,0,1,0,0,0,0,0,0,0,0,0,2
openwallet-foundation-labs/governance,2026-01,2,1,2,0,0,1,0,0,0,0,0,0,0,0,0,6
openwallet-foundation-labs/governance,2026-02,0,1,0,0,0,0,0,0,0,0,0,0,0,0,0,1
openwallet-foundation-labs/governance,2026-03,0,1,0,0,0,0,0,0,0,0,0,0,0,0,0,1
hyperledger/fabric-samples,2018-03,2,0,0,2,0,0,0,0,0,1,0,0,0,0,0,5
hyperledger/fabric-samples,2018-04,2,0,0,2,0,0,0,0,0,0,0,0,0,0,0,4
hyperledger/fabric-samples,2018-06,4,0,0,4,0,0,0,0,0,0,0,0,0,0,0,8
hyperledger/fabric-samples,2018-07,2,0,0,2,0,0,0,0,0,0,0,1,0,0,0,5
hyperledger/fabric-samples,2018-08,4,0,0,5,0,0,0,0,0,0,0,0,0,0,0,9
hyperledger/fabric-samples,2018-09,5,0,0,5,0,0,0,0,0,0,0,0,0,0,0,10
hyperledger/fabric-samples,2018-12,3,0,0,3,0,0,0,0,0,0,0,0,0,0,0,6
hyperledger/fabric-samples,2019-02,0,0,0,0,0,0,0,0,0,1,0,0,0,0,0,1
hyperledger/fabric-samples,2019-10,5,0,0,0,0,0,0,1,0,0,0,0,0,0,0,6
hyperledger/fabric-samples,2019-11,2,0,0,0,0,0,0,1,0,0,0,0,0,0,0,3
hyperledger/fabric-samples,2020-01,1,0,0,1,0,0,0,1,0,0,0,0,0,0,0,3
hyperledger/fabric-samples,2020-03,2,0,0,3,0,0,0,1,1,0,0,0,0,0,0,7
hyperledger/fabric-samples,2020-04,1,0,0,0,0,0,0,0,0,0,0,0,0,0,0,1
hyperledger/fabric-samples,2020-05,1,0,0,0,0,0,0,1,0,0,0,0,0,0,0,2
hyperledger/fabric-samples,2021-03,2,0,0,0,0,0,0,1,0,0,0,0,0,0,0,3
hyperledger/fabric-samples,2021-04,2,1,0,3,0,0,0,0,0,0,0,0,0,0,0,6
hyperledger/fabric-samples,2021-09,0,0,1,1,0,0,0,0,0,0,0,0,0,0,0,2
hyperledger/fabric-samples,2022-02,1,8,1,0,1,0,0,0,0,0,0,0,0,0,0,11
hyperledger/fabric-samples,2022-05,2,2,0,1,1,0,2,0,0,0,0,0,0,0,0,8
hyperledger/fabric-samples,2022-11,0,3,0,0,0,0,0,0,0,0,0,0,0,0,0,3
hyperledger/fabric-samples,2023-03,1,1,1,2,0,0,0,0,0,0,0,0,0,0,0,5
hyperledger/fabric-samples,2023-04,8,6,1,10,3,1,0,0,10,0,0,0,0,0,0,39
hyperledger/fabric-samples,2023-05,1,0,0,1,0,0,0,0,0,0,0,0,0,0,0,2
hyperledger/fabric-samples,2023-08,0,0,0,1,0,0,0,0,0,0,0,0,0,0,0,1
hyperledger/fabric-samples,2023-09,0,0,0,2,0,0,0,0,0,0,0,0,0,0,0,2
hyperledger/fabric-samples,2024-11,0,0,0,1,0,0,0,0,0,0,0,0,0,0,0,1
PQCA/governance,2024-02,0,0,2,0,0,0,0,0,0,0,0,0,0,0,0,2
PQCA/governance,2024-03,5,5,2,3,2,1,0,0,0,0,0,0,0,0,0,18
PQCA/governance,2024-04,9,8,5,0,5,0,0,0,0,0,0,0,0,0,0,27
PQCA/governance,2024-06,2,2,0,0,0,0,0,0,0,0,0,0,0,0,0,4
PQCA/governance,2024-07,2,1,1,0,1,0,0,0,0,0,0,0,0,0,0,5
PQCA/governance,2024-10,5,3,3,0,3,0,0,0,0,0,0,0,0,0,0,14
PQCA/governance,2024-11,1,1,0,0,0,0,0,0,0,0,0,0,0,0,0,2
PQCA/governance,2025-01,2,1,1,0,1,0,0,0,0,0,0,0,0,0,0,5
PQCA/governance,2025-02,8,6,3,1,3,2,0,0,0,0,0,0,0,0,0,23
PQCA/governance,2025-03,1,1,0,0,0,0,0,0,0,0,0,0,0,0,0,2
PQCA/governance,2025-04,2,1,1,0,1,0,0,0,0,0,0,0,0,0,0,5
PQCA/governance,2025-05,10,5,4,0,3,0,0,0,0,0,0,0,0,0,0,22
PQCA/governance,2025-06,2,1,2,2,1,0,1,0,0,0,0,0,0,0,0,9
PQCA/governance,2025-07,0,1,2,0,0,0,0,0,0,0,0,0,0,0,0,3
PQCA/governance,2025-08,1,0,0,0,0,0,0,0,0,0,0,0,0,0,0,1
PQCA/governance,2025-10,0,1,0,0,0,0,3,0,0,0,0,0,0,0,0,4
PQCA/governance,2025-11,0,0,1,1,1,0,0,0,0,0,0,0,0,0,0,3
PQCA/governance,2026-04,0,1,0,0,0,0,0,0,0,0,0,0,0,0,0,1
PQCA/governance,2026-05,0,1,0,0,0,0,0,0,0,0,0,0,0,0,0,1
hyperledger-labs/hyperledger-community-management-tools,2019-02,1,0,0,1,0,0,0,1,2,0,0,0,0,0,0,5
hyperledger-labs/hyperledger-community-management-tools,2019-03,2,2,0,0,0,0,0,0,0,0,0,0,0,0,0,4
hyperledger-labs/hyperledger-community-management-tools,2019-04,4,2,0,0,0,0,0,1,0,0,0,0,0,0,0,7
hyperledger-labs/hyperledger-community-management-tools,2019-06,1,1,0,0,0,0,0,0,0,0,0,0,0,0,0,2
hyperledger-labs/hyperledger-community-management-tools,2019-07,2,1,0,0,0,0,0,1,0,0,0,0,0,0,0,4
hyperledger-labs/hyperledger-community-management-tools,2019-08,2,1,0,0,0,0,0,0,0,0,0,0,0,0,0,3
hyperledger-labs/hyperledger-community-management-tools,2019-11,2,2,0,0,0,0,0,0,1,0,0,0,0,0,0,5
hyperledger-labs/hyperledger-community-management-tools,2020-02,5,3,0,0,0,0,0,2,2,0,0,0,0,0,0,12
hyperledger-labs/hyperledger-community-management-tools,2020-03,7,3,0,0,0,0,0,0,1,0,0,0,0,0,0,11
hyperledger-labs/hyperledger-community-management-tools,2020-04,3,3,0,0,0,0,0,0,0,0,0,0,0,0,0,6
hyperledger-labs/hyperledger-community-management-tools,2020-05,2,1,0,0,0,0,0,0,0,0,0,0,0,0,0,3
hyperledger-labs/hyperledger-community-management-tools,2020-07,1,0,0,0,0,0,0,0,0,0,0,0,0,0,0,1
hyperledger-labs/hyperledger-community-management-tools,2020-08,1,1,0,0,0,0,0,0,0,0,0,0,0,0,0,2
hyperledger-labs/hyperledger-community-management-tools,2021-01,0,0,1,0,3,0,0,0,0,0,0,0,0,0,0,4
hyperledger-labs/hyperledger-community-management-tools,2021-02,1,1,0,0,0,0,0,0,0,0,0,0,0,0,0,2
hyperledger-labs/hyperledger-community-management-tools,2021-03,9,6,3,0,4,1,0,0,0,0,0,0,0,0,0,23
hyperledger-labs/hyperledger-community-management-tools,2022-01,2,0,1,1,1,0,0,1,0,0,0,0,0,0,0,6
hyperledger-labs/hyperledger-community-management-tools,2022-02,3,3,0,0,0,0,0,0,0,0,0,0,0,0,0,6
hyperledger-labs/hyperledger-community-management-tools,2022-05,1,1,1,0,0,0,0,0,0,0,0,0,0,0,0,3
hyperledger-labs/hyperledger-community-management-tools,2022-06,1,0,0,0,0,0,0,1,0,0,0,0,0,0,0,2
hyperledger-labs/hyperledger-community-management-tools,2022-07,0,1,0,0,0,0,0,0,0,0,0,0,0,0,0,1
hyperledger-labs/hyperledger-community-management-tools,2022-12,1,2,0,0,0,0,0,0,0,0,0,0,0,0,0,3
hyperledger-labs/hyperledger-community-management-tools,2023-01,0,2,0,0,0,0,0,0,0,0,0,0,0,0,0,2
hyperledger-labs/hyperledger-community-management-tools,2023-02,0,6,0,0,0,0,0,0,0,0,0,0,0,0,0,6
hyperledger-labs/hyperledger-community-management-tools,2023-05,2,3,0,0,2,0,0,0,0,0,0,0,0,0,0,7
hyperledger-labs/hyperledger-community-management-tools,2023-06,2,6,2,0,0,0,0,0,0,0,0,0,0,0,0,10
hyperledger-labs/hyperledger-community-management-tools,2023-09,0,3,0,0,1,0,0,0,0,0,0,0,0,0,0,4
hyperledger/hyperledger-rocket-chat-hubot,2018-03,10,6,2,2,0,0,0,2,1,0,0,0,0,0,0,23
hyperledger/hyperledger-rocket-chat-hubot,2018-04,11,4,3,2,0,0,0,0,0,0,0,0,0,0,0,20
hyperledger/hyperledger-rocket-chat-hubot,2018-07,2,0,0,1,0,0,0,1,0,0,0,0,0,0,0,4
hyperledger/hyperledger-rocket-chat-hubot,2018-09,1,1,0,0,0,0,0,0,0,0,0,0,0,0,0,2
hyperledger/hyperledger-rocket-chat-hubot,2018-10,0,0,0,0,3,0,0,0,0,0,0,0,0,0,0,3
hyperledger/hyperledger-rocket-chat-hubot,2019-03,2,1,0,0,0,0,0,0,0,0,0,0,0,0,0,3
hyperledger/hyperledger-rocket-chat-hubot,2019-04,2,1,0,0,0,0,1,1,0,0,0,0,0,0,0,5
hyperledger/hyperledger-rocket-chat-hubot,2019-05,2,1,0,0,0,0,0,0,0,0,0,0,0,0,0,3
hyperledger/hyperledger-rocket-chat-hubot,2019-09,4,2,0,0,0,0,0,0,0,0,0,0,0,0,0,6
hyperledger/hyperledger-rocket-chat-hubot,2019-10,3,1,0,0,0,0,0,2,0,0,0,0,0,0,0,6
hyperledger/hyperledger-rocket-chat-hubot,2019-12,3,2,0,3,0,0,0,1,0,0,0,0,0,0,0,9
hyperledger/hyperledger-rocket-chat-hubot,2020-01,2,1,0,1,0,0,0,1,0,0,0,0,0,0,0,5
hyperledger/hyperledger-rocket-chat-hubot,2020-04,2,1,0,0,0,0,0,1,0,0,0,0,0,0,0,4
hyperledger/hyperledger-rocket-chat-hubot,2020-05,3,2,0,0,0,0,0,1,0,0,0,0,0,0,0,6
hyperledger/hyperledger-rocket-chat-hubot,2020-06,3,2,0,0,0,0,0,1,0,0,0,0,0,0,0,6
hyperledger/hyperledger-rocket-chat-hubot,2021-01,0,0,1,0,1,0,0,0,0,0,0,0,0,0,0,2
hyperledger/hyperledger-rocket-chat-hubot,2021-02,6,4,3,0,3,0,0,0,0,0,0,0,0,0,0,16
hyperledger/hyperledger-rocket-chat-hubot,2021-03,6,4,3,0,3,0,0,0,0,0,0,0,0,0,0,16
hyperledger/tsc,2020-03,0,2,2,0,0,0,0,1,0,0,0,0,0,0,0,5
hyperledger/tsc,2020-05,7,2,0,8,0,0,0,1,13,0,0,0,0,0,0,31
hyperledger/tsc,2020-07,2,7,1,0,1,0,0,2,0,0,0,0,0,0,0,13
hyperledger/tsc,2020-09,0,4,0,0,0,0,0,0,0,0,0,0,0,0,0,4
hyperledger/tsc,2020-10,1,10,0,0,0,0,0,0,0,0,0,0,0,0,0,11
hyperledger/tsc,2021-04,3,2,0,0,0,0,0,0,0,0,0,0,0,0,0,5
hyperledger/tsc,2021-05,1,1,0,1,0,0,0,0,0,0,0,0,0,0,0,3
hyperledger/tsc,2021-07,0,0,0,0,0,1,0,0,1,0,1,0,0,0,0,3
hyperledger/tsc,2021-08,1,1,0,0,0,1,0,0,0,0,0,0,0,0,0,3
hyperledger/tsc,2021-09,0,2,0,0,0,0,0,0,0,0,0,0,0,0,0,2
hyperledger/tsc,2021-10,0,2,0,0,0,0,0,0,0,0,0,0,0,0,0,2
hyperledger/tsc,2021-11,0,0,0,0,0,0,1,0,0,0,0,0,0,0,0,1
hyperledger/tsc,2021-12,0,0,0,1,0,0,0,0,0,0,0,0,0,0,0,1
hyperledger/tsc,2022-01,2,0,0,1,0,0,2,0,0,0,0,0,0,0,0,5
hyperledger/tsc,2022-02,0,0,0,3,0,0,3,0,0,0,0,0,0,0,0,6
hyperledger/tsc,2022-03,0,3,0,1,0,1,0,0,0,0,0,0,0,0,0,5
hyperledger/tsc,2022-04,0,0,0,1,0,3,1,0,3,0,0,0,0,0,0,8
hyperledger/tsc,2022-05,3,3,1,0,1,4,4,1,1,0,0,0,0,0,0,18
hyperledger/tsc,2022-06,1,1,0,0,0,0,1,0,0,0,0,0,0,0,0,3
hyperledger/tsc,2022-07,0,0,0,1,0,0,1,0,0,0,0,0,0,0,0,2
hyperledger/ursa,2019-05,1,1,0,0,0,0,0,0,0,0,0,0,0,0,0,2
hyperledger/ursa,2019-09,1,0,0,0,0,0,0,0,0,0,0,0,0,0,0,1
hyperledger/ursa,2019-11,0,0,1,1,0,0,0,0,0,0,0,0,0,0,0,2
hyperledger/ursa,2019-12,4,1,0,6,0,0,0,2,3,0,0,0,0,0,0,16
hyperledger/ursa,2020-01,1,0,0,0,0,0,0,1,0,0,0,0,0,0,0,2
hyperledger/ursa,2020-06,2,1,0,0,0,0,0,1,0,0,0,0,0,0,0,4
hyperledger/ursa,2020-09,0,0,0,0,1,0,0,0,0,0,0,0,0,0,0,1
hyperledger/ursa,2021-02,6,4,2,2,3,0,0,1,0,0,0,0,0,0,0,18
hyperledger/ursa,2021-03,2,3,1,1,0,0,0,0,0,0,0,0,0,0,0,7
hyperledger/ursa,2021-04,0,0,1,0,2,0,0,0,0,0,0,0,0,1,0,4
hyperledger/ursa,2021-05,1,1,1,2,1,0,0,0,0,0,0,0,0,0,0,6
hyperledger/ursa,2021-08,0,0,0,0,0,0,0,1,0,0,0,0,0,0,0,1
hyperledger/ursa,2021-09,3,2,2,8,1,0,0,0,0,0,0,0,0,0,0,16
hyperledger/ursa,2022-04,2,1,1,0,1,0,0,0,0,0,0,0,0,0,0,5
hyperledger/ursa,2022-08,1,1,0,0,0,0,0,0,0,0,0,0,0,0,0,2
hyperledger/ursa,2023-02,0,0,0,0,0,1,0,0,0,0,0,0,0,0,0,1
hyperledger/ursa,2023-03,2,2,1,2,0,0,0,0,0,0,0,0,0,0,0,7
hyperledger/ursa,2023-04,4,8,0,1,1,3,1,0,3,0,0,0,0,0,0,21
hyperledger/ursa,2023-05,2,3,1,0,2,0,0,0,0,0,0,0,0,0,0,8
pq-code-package/tsc,2024-03,14,25,8,12,7,0,7,0,0,0,0,0,0,0,0,73
pq-code-package/tsc,2024-05,4,1,1,1,1,0,1,0,0,0,0,0,0,0,0,9
pq-code-package/tsc,2024-06,5,3,1,0,2,1,0,0,0,0,0,0,0,0,0,12
pq-code-package/tsc,2024-08,0,0,0,1,0,0,1,0,0,0,0,0,0,0,0,2
pq-code-package/tsc,2024-09,4,1,2,0,1,0,0,0,0,0,0,0,0,0,0,8
pq-code-package/tsc,2024-10,0,0,0,1,0,1,0,0,0,0,0,0,0,0,0,2
pq-code-package/tsc,2024-11,1,1,0,1,0,1,1,0,0,0,0,0,0,0,0,5
pq-code-package/tsc,2025-02,0,0,0,2,0,0,0,0,0,0,0,0,0,0,0,2
pq-code-package/tsc,2025-05,0,0,0,0,0,2,0,0,0,0,0,0,0,0,0,2
pq-code-package/tsc,2025-06,0,0,0,1,0,0,0,0,0,0,0,0,0,0,0,1
pq-code-package/tsc,2025-08,0,0,1,0,0,0,0,0,0,0,0,0,0,0,0,1
pq-code-package/tsc,2025-09,1,0,0,0,0,0,0,0,0,0,0,0,0,0,0,1
pq-code-package/tsc,2025-10,0,1,0,0,1,0,0,0,0,0,0,0,0,0,0,2
PQCA/TAC,2024-02,0,1,2,0,0,0,0,0,0,0,0,0,0,0,0,3
PQCA/TAC,2024-03,2,0,0,0,0,0,0,0,0,0,0,0,0,0,0,2
PQCA/TAC,2024-04,8,11,2,7,1,3,1,1,3,0,0,0,0,0,0,37
PQCA/TAC,2024-05,0,0,0,2,0,3,1,0,3,0,0,0,0,0,0,9
PQCA/TAC,2024-06,0,1,0,2,0,0,2,0,0,0,0,0,0,0,0,5
PQCA/TAC,2024-07,1,1,0,5,1,0,0,0,0,0,0,0,0,0,0,8
PQCA/TAC,2024-08,1,6,0,4,1,0,0,0,0,0,0,0,0,0,0,12
PQCA/TAC,2024-09,0,0,0,0,0,1,0,0,0,0,0,0,0,0,0,1
PQCA/TAC,2024-11,1,1,0,0,0,1,0,0,0,0,0,0,0,0,0,3
PQCA/TAC,2025-02,0,1,0,1,0,0,2,0,0,0,0,0,0,0,0,4
PQCA/TAC,2025-06,0,0,0,1,0,0,0,0,0,0,0,0,0,0,0,1
PQCA/TAC,2025-07,2,8,0,2,1,1,0,0,0,0,0,0,0,0,0,14
PQCA/TAC,2025-08,2,2,1,2,0,0,0,0,0,0,0,0,0,0,0,7
PQCA/TAC,2025-09,2,2,1,0,1,0,0,0,0,0,0,0,0,0,0,6
PQCA/TAC,2025-10,0,2,0,0,0,0,0,0,0,0,0,0,0,0,0,2
PQCA/TAC,2025-11,0,0,0,0,0,1,0,0,0,0,0,0,0,0,0,1
hyperledger-labs/blockchain-carbon-accounting,2020-11,2,0,1,0,1,0,0,0,0,0,0,0,0,0,0,4
hyperledger-labs/blockchain-carbon-accounting,2021-01,2,2,0,0,0,0,0,1,0,0,0,0,0,0,0,5
hyperledger-labs/blockchain-carbon-accounting,2021-02,2,1,0,1,2,0,0,0,0,0,0,0,0,0,0,6
hyperledger-labs/blockchain-carbon-accounting,2021-03,1,0,0,0,0,0,0,0,0,0,0,0,0,0,0,1
hyperledger-labs/blockchain-carbon-accounting,2021-07,0,1,0,0,0,0,0,0,0,0,0,0,0,0,0,1
hyperledger-labs/blockchain-carbon-accounting,2022-02,9,9,0,0,10,0,0,0,0,0,0,0,0,0,0,28
hyperledger-labs/blockchain-carbon-accounting,2022-03,12,26,0,0,11,0,0,0,0,0,0,0,0,0,0,49
hyperledger-labs/blockchain-carbon-accounting,2025-01,2,1,1,0,1,0,0,0,0,0,0,0,0,0,0,5
hyperledger-labs/blockchain-carbon-accounting,2025-11,1,2,0,3,7,0,0,0,0,0,0,0,0,0,0,13
LF-Decentralized-Trust-Mentorships/mentorship-program,2025-02,10,19,1,0,8,3,4,0,0,0,0,0,0,0,0,45
LF-Decentralized-Trust-Mentorships/mentorship-program,2025-03,12,23,0,0,10,1,0,0,0,0,0,0,0,0,0,46
LF-Decentralized-Trust-Mentorships/mentorship-program,2025-04,0,2,1,0,0,0,0,0,0,0,0,0,0,0,0,3
LF-Decentralized-Trust-Mentorships/mentorship-program,2026-01,0,1,0,0,0,0,1,0,0,0,0,0,0,0,0,2
LF-Decentralized-Trust-Mentorships/mentorship-program,2026-03,0,0,0,0,0,0,3,0,0,0,0,0,0,0,0,3
LF-Decentralized-Trust-Mentorships/mentorship-program,2026-04,0,0,0,4,0,0,6,0,0,0,0,0,0,0,0,10
hyperledger/cello,2018-03,2,0,0,1,0,0,0,0,0,0,0,0,0,0,0,3
hyperledger/cello,2018-05,2,0,0,2,0,0,0,0,0,1,0,0,0,0,0,5
hyperledger/cello,2018-07,0,1,0,0,0,0,0,0,0,0,0,0,0,0,0,1
hyperledger/cello,2018-08,1,0,0,1,0,0,0,0,0,0,0,0,0,0,0,2
hyperledger/cello,2019-02,0,0,0,0,0,0,0,0,0,1,0,0,0,0,0,1
hyperledger/cello,2019-03,0,0,0,0,0,0,0,0,0,0,0,1,0,0,0,1
hyperledger/cello,2019-08,1,0,0,0,0,0,0,0,0,0,0,0,0,0,0,1
hyperledger/cello,2019-10,5,1,0,1,1,0,0,2,0,0,0,0,0,0,0,10
hyperledger/cello,2019-12,1,0,0,0,0,0,0,1,0,0,0,0,0,0,0,2
hyperledger/cello,2020-01,12,7,0,2,1,0,0,4,0,0,0,0,0,0,0,26
hyperledger/cello,2020-03,1,1,0,1,0,0,1,0,0,0,0,0,0,0,0,4
hyperledger/cello,2020-04,2,0,0,4,0,0,2,1,1,0,0,0,0,0,0,10
hyperledger/cello,2020-05,1,0,0,0,0,0,2,1,0,0,0,0,0,0,0,4
hyperledger/cello,2021-03,2,0,0,0,0,0,0,1,0,0,0,0,0,0,0,3
hyperledger/cello,2021-09,1,0,0,0,0,0,0,1,0,0,0,0,0,0,0,2
hyperledger/cello,2022-04,2,2,0,0,0,0,0,0,0,0,0,0,0,0,0,4
hyperledger/cello,2022-05,1,0,0,3,0,0,0,0,0,0,0,0,0,0,0,4
hyperledger/cello,2022-06,5,5,1,1,1,0,0,1,0,0,0,0,0,0,0,14
hyperledger/cello,2022-11,1,2,1,0,0,0,0,0,0,0,0,0,0,0,0,4
hyperledger/cello,2024-10,0,0,0,0,0,0,0,0,0,6,0,0,0,0,0,6
hyperledger/cacti,2023-02,3,0,1,1,2,0,0,0,0,0,0,0,0,0,0,7
hyperledger/cacti,2023-03,3,4,2,3,1,0,0,0,0,0,0,0,0,0,0,13
hyperledger/cacti,2023-04,10,31,6,7,5,0,1,0,0,0,0,0,0,0,0,60
hyperledger/cacti,2023-05,5,11,2,0,2,0,0,0,0,0,0,0,0,0,0,20
hyperledger/cacti,2023-06,1,1,0,0,1,0,0,0,0,0,0,0,0,0,0,3
hyperledger/cacti,2024-01,0,0,0,0,0,0,1,0,0,0,0,0,0,0,0,1
hyperledger/cacti,2024-06,0,0,0,1,0,0,0,0,0,0,0,0,0,0,0,1
hyperledger/cacti,2024-08,0,0,0,1,0,0,0,0,0,0,0,0,0,0,0,1
hyperledger/besu,2019-09,4,2,1,3,0,0,0,1,0,0,0,0,0,0,0,11
hyperledger/besu,2020-03,0,0,0,0,0,0,0,1,0,0,0,0,0,0,0,1
hyperledger/besu,2021-01,0,0,0,1,0,0,1,0,0,0,0,0,0,0,0,2
hyperledger/besu,2021-02,0,0,0,1,0,0,0,0,0,0,0,0,0,0,0,1
hyperledger/besu,2021-03,6,2,0,1,0,1,0,2,1,0,0,0,0,0,0,13
hyperledger/besu,2021-09,0,0,0,2,0,0,0,0,0,0,0,0,0,0,0,2
hyperledger/besu,2021-10,0,0,0,3,0,3,0,0,0,0,0,0,0,0,0,6
hyperledger/besu,2022-02,1,0,0,2,0,0,0,1,0,0,0,0,0,0,0,4
hyperledger/besu,2022-07,0,0,0,0,0,1,2,0,0,0,0,0,0,0,0,3
hyperledger/besu,2023-02,2,1,0,1,0,0,0,0,0,0,0,0,0,0,0,4
hyperledger/besu,2023-03,0,0,0,0,26,0,0,0,0,0,0,0,0,0,0,26
hyperledger/besu,2023-05,2,1,0,0,0,0,0,1,0,0,0,0,0,0,0,4
hyperledger/besu,2024-02,2,0,0,1,0,0,0,1,0,0,0,0,0,0,0,4
hyperledger/besu,2024-05,0,0,0,1,0,0,0,0,0,0,0,0,0,0,0,1
hyperledger/besu,2024-06,1,0,0,2,0,0,0,1,0,0,0,0,0,0,0,4
open-quantum-safe/liboqs,2024-03,2,0,1,0,1,0,0,0,0,0,0,0,0,0,0,4
open-quantum-safe/liboqs,2024-04,0,0,0,3,0,0,0,0,0,0,0,0,0,0,0,3
open-quantum-safe/liboqs,2024-05,4,1,0,15,0,0,0,0,0,0,0,0,0,0,0,20
open-quantum-safe/liboqs,2024-06,0,0,0,2,1,0,0,0,0,0,0,0,0,0,0,3
open-quantum-safe/liboqs,2024-07,2,1,1,3,1,1,0,0,0,0,0,0,0,0,0,9
open-quantum-safe/liboqs,2024-09,0,0,0,2,0,0,0,0,0,0,0,0,0,0,0,2
open-quantum-safe/liboqs,2024-10,1,1,1,13,0,4,0,0,4,0,0,0,0,0,0,24
open-quantum-safe/liboqs,2024-11,0,1,0,0,0,0,0,0,0,0,0,0,0,0,0,1
open-quantum-safe/liboqs,2025-02,0,0,0,4,0,0,0,0,0,0,0,0,0,0,0,4
open-quantum-safe/liboqs,2025-04,0,0,0,1,0,0,0,0,0,0,0,0,0,0,0,1
open-quantum-safe/liboqs,2025-05,0,1,0,0,0,0,0,0,0,0,0,0,0,0,0,1
open-quantum-safe/liboqs,2025-07,0,0,0,8,0,0,0,0,0,0,0,0,0,0,0,8
open-quantum-safe/liboqs,2025-09,0,0,0,1,0,0,0,0,0,0,0,0,0,0,0,1
open-quantum-safe/liboqs,2025-10,0,0,0,1,0,0,0,0,0,0,0,0,0,0,0,1
hyperledger-identus/governance,2024-10,0,0,2,0,0,0,0,0,0,0,0,0,0,0,0,2
hyperledger-identus/governance,2024-11,1,2,1,0,0,0,0,0,0,0,0,0,0,0,0,4
hyperledger-identus/governance,2025-01,1,0,1,0,0,0,0,0,0,0,0,0,0,0,0,2
hyperledger-identus/governance,2025-02,11,13,5,0,7,3,0,0,0,0,0,0,0,0,0,39
hyperledger-identus/governance,2025-03,2,0,1,0,0,0,0,0,0,0,0,0,0,0,0,3
hyperledger-identus/governance,2025-04,5,2,2,0,2,1,0,0,0,0,0,0,0,0,0,12
hyperledger-identus/governance,2025-06,0,1,0,0,1,1,0,0,0,0,0,0,0,0,0,3
hyperledger-identus/governance,2025-07,2,4,0,0,2,0,0,0,0,0,0,0,0,0,0,8
hyperledger-identus/governance,2025-10,0,1,0,0,0,0,0,0,0,0,0,0,0,0,0,1
hyperledger-identus/governance,2025-11,0,1,0,0,0,0,0,0,0,0,0,0,0,0,0,1
hyperledger-identus/governance,2026-01,0,0,0,0,0,1,0,0,0,0,0,0,0,0,0,1
hyperledger-identus/governance,2026-02,1,1,0,0,1,0,1,0,0,0,0,0,0,0,0,4
hyperledger/fabric-sdk-node,2018-03,0,0,0,0,2,0,0,1,0,0,0,0,0,0,0,3
hyperledger/fabric-sdk-node,2018-09,3,0,0,3,0,0,0,0,0,0,0,0,0,0,0,6
hyperledger/fabric-sdk-node,2019-02,0,0,0,0,0,0,0,0,0,1,0,0,0,0,0,1
hyperledger/fabric-sdk-node,2019-09,2,0,0,2,0,0,0,0,0,0,0,0,0,0,0,4
hyperledger/fabric-sdk-node,2019-11,6,1,0,1,0,0,0,3,0,0,0,0,0,0,0,11
hyperledger/fabric-sdk-node,2019-12,5,0,0,4,0,0,0,4,0,0,0,0,0,0,0,13
hyperledger/fabric-sdk-node,2020-01,2,1,0,3,0,0,0,1,0,0,0,0,0,0,0,7
hyperledger/fabric-sdk-node,2020-03,0,0,0,1,0,0,0,0,0,0,0,0,0,0,0,1
hyperledger/fabric-sdk-node,2020-04,1,0,0,0,0,0,0,0,0,0,0,0,0,0,0,1
hyperledger/fabric-sdk-node,2022-05,0,2,0,0,0,0,0,0,0,0,0,0,0,0,0,2
hyperledger/fabric-sdk-node,2022-06,1,0,1,0,0,1,0,0,0,0,0,0,0,0,0,3
hyperledger/fabric-sdk-node,2023-01,0,6,0,0,0,0,0,0,0,0,0,0,0,0,0,6
hyperledger/fabric-sdk-node,2023-02,0,1,0,0,0,0,0,0,0,0,0,0,0,0,0,1
hyperledger/fabric-sdk-node,2023-03,0,4,0,0,0,0,0,0,0,0,0,0,0,0,0,4
hyperledger/fabric-sdk-node,2023-04,0,1,0,0,0,0,0,0,0,0,0,0,0,0,0,1
hyperledger/fabric-sdk-node,2023-05,0,4,0,0,0,0,0,0,0,0,0,0,0,0,0,4
hyperledger/fabric-sdk-node,2023-09,0,4,0,0,0,0,0,0,0,0,0,0,0,0,0,4
hyperledger/fabric-sdk-node,2023-11,0,3,0,0,0,0,0,0,0,0,0,0,0,0,0,3
hyperledger/fabric-sdk-node,2025-04,1,0,0,0,0,0,0,1,0,0,0,0,0,0,0,2
hyperledger/indy-node,2018-02,3,0,0,2,0,0,0,2,0,0,0,0,0,0,0,7
hyperledger/indy-node,2019-08,0,0,0,1,0,0,0,1,0,0,0,0,0,0,0,2
hyperledger/indy-node,2019-09,3,0,0,0,0,0,0,0,0,0,0,0,0,0,0,3
hyperledger/indy-node,2019-12,1,0,0,1,0,0,0,1,0,0,0,0,0,0,0,3
hyperledger/indy-node,2021-01,0,0,0,0,1,0,0,0,0,0,0,0,0,0,0,1
hyperledger/indy-node,2021-02,2,5,1,0,1,5,0,0,2,0,0,0,0,0,0,16
hyperledger/indy-node,2021-03,2,2,1,1,2,0,0,0,0,0,0,0,0,0,0,8
hyperledger/indy-node,2021-04,0,0,0,2,0,0,0,0,0,0,0,0,0,0,0,2
hyperledger/indy-node,2021-09,0,0,0,1,0,0,0,0,0,0,0,0,0,0,0,1
hyperledger/indy-node,2021-12,0,2,1,3,0,2,0,0,3,1,0,0,0,0,0,12
hyperledger/indy-node,2022-05,0,0,0,0,0,0,0,0,0,1,0,0,0,0,0,1
hyperledger/indy-node,2022-07,0,0,1,0,0,0,0,0,0,0,0,0,0,0,0,1
hyperledger/indy-node,2022-08,2,1,2,0,2,0,0,0,0,0,0,0,0,0,0,7
hyperledger/indy-node,2024-02,0,0,0,0,0,3,0,0,0,0,0,0,0,0,0,3
hyperledger/indy-node,2025-01,2,2,1,2,3,0,0,0,0,0,0,0,0,0,0,10
hyperledger/cactus,2020-05,3,1,0,0,0,0,0,2,0,0,0,0,0,0,0,6
hyperledger/cactus,2020-06,0,0,0,4,0,0,0,0,0,0,0,0,0,0,0,4
hyperledger/cactus,2020-10,0,0,0,2,0,1,1,0,0,0,0,0,0,0,0,4
hyperledger/cactus,2020-12,0,0,0,0,0,0,1,0,0,0,0,0,0,0,0,1
hyperledger/cactus,2021-01,4,2,0,1,0,0,2,1,0,0,0,0,0,0,0,10
hyperledger/cactus,2021-03,1,1,0,1,0,1,1,0,0,0,0,0,0,0,0,5
hyperledger/cactus,2021-04,1,0,0,1,0,0,0,1,0,0,0,0,0,0,0,3
hyperledger/cactus,2021-05,0,0,0,1,0,0,0,0,0,0,0,0,0,0,0,1
hyperledger/cactus,2021-11,0,0,0,1,0,0,0,0,0,0,0,0,0,0,0,1
hyperledger/cactus,2021-12,0,0,0,1,0,0,0,0,0,0,0,0,0,0,0,1
hyperledger/cactus,2022-02,1,0,0,1,0,0,0,0,0,0,0,0,0,0,0,2
hyperledger/cactus,2022-03,0,0,0,1,0,0,0,0,0,0,0,0,0,0,0,1
hyperledger/cactus,2022-04,0,0,0,1,0,0,0,0,0,0,0,0,0,0,0,1
hyperledger/cactus,2022-07,0,0,0,2,0,0,0,0,0,0,0,0,0,0,0,2
hyperledger/cactus,2022-11,2,8,2,2,0,0,0,0,0,0,0,0,0,0,0,14
hyperledger/cactus,2022-12,2,5,3,0,3,0,0,0,0,0,0,0,0,0,0,13
hyperledger/cactus,2023-01,0,1,0,0,0,0,0,0,0,0,0,0,0,0,0,1
hyperledger/cactus,2023-02,1,2,0,0,1,0,0,0,0,0,0,0,0,0,0,4
credebl/governance,2024-12,3,5,4,0,2,0,0,0,0,0,0,0,0,0,0,14
credebl/governance,2025-01,10,6,3,0,4,4,0,0,0,0,0,0,0,0,0,27
credebl/governance,2025-02,3,2,2,1,5,2,0,0,0,0,0,0,0,0,0,15
credebl/governance,2025-03,3,3,1,0,2,0,0,0,0,0,0,0,0,0,0,9
credebl/governance,2025-04,0,0,0,0,0,1,0,0,0,0,0,0,0,0,0,1
credebl/governance,2025-05,0,0,0,0,0,1,0,0,0,0,0,0,0,0,0,1
credebl/governance,2025-08,0,1,0,0,1,0,0,0,0,0,0,0,0,0,0,2
credebl/governance,2025-10,1,1,0,0,1,0,0,0,0,0,0,0,0,0,0,3
credebl/governance,2026-02,0,0,0,0,0,1,0,0,0,0,0,0,0,0,0,1
hyperledger-iroha/governance,2024-10,18,11,8,0,8,0,0,0,0,0,0,0,0,0,0,45
hyperledger-iroha/governance,2024-11,4,4,2,0,2,0,0,0,0,0,0,0,0,0,0,12
hyperledger-iroha/governance,2025-01,3,3,0,0,0,0,0,0,0,0,0,0,0,0,0,6
hyperledger-iroha/governance,2025-02,1,1,0,0,0,0,0,0,0,0,0,0,0,0,0,2
hyperledger-iroha/governance,2025-07,2,1,0,0,1,0,0,0,0,0,0,0,0,0,0,4
hyperledger-iroha/governance,2025-09,1,1,0,0,0,0,0,0,0,0,0,0,0,0,0,2
hyperledger-iroha/governance,2025-11,0,1,0,0,0,0,0,0,0,0,0,0,0,0,0,1
hyperledger-iroha/governance,2026-02,1,0,0,0,0,0,0,0,0,0,0,0,0,0,0,1
hyperledger/hyperledger-hip,2020-07,4,9,2,0,2,0,0,2,0,0,0,0,0,0,0,19
hyperledger/hyperledger-hip,2021-08,1,1,0,0,0,1,0,0,0,0,0,0,0,0,0,3
hyperledger/hyperledger-hip,2021-10,0,0,0,0,0,1,0,0,0,0,0,0,0,0,0,1
hyperledger/hyperledger-hip,2021-11,0,0,0,1,0,0,0,0,0,0,0,0,0,0,0,1
hyperledger/hyperledger-hip,2021-12,1,1,0,0,0,3,0,0,11,0,0,0,0,0,0,16
hyperledger/hyperledger-hip,2022-08,0,0,0,0,0,0,0,1,0,0,0,0,0,0,0,1
hyperledger/hyperledger-hip,2022-11,1,1,0,0,0,1,0,0,0,0,0,0,0,0,0,3
hyperledger/hyperledger-hip,2023-08,0,0,1,0,0,0,0,0,0,0,0,0,0,0,0,1
hyperledger/hyperledger-hip,2023-09,2,2,0,0,0,2,0,0,0,0,0,0,0,0,0,6
hyperledger/hyperledger-hip,2024-01,1,2,0,1,0,0,0,0,0,0,0,0,0,0,0,4
hyperledger/hyperledger-hip,2024-06,0,0,0,1,0,0,0,0,0,0,0,0,0,0,0,1
hyperledger/hyperledger-hip,2024-08,2,1,1,2,1,1,0,0,0,0,0,0,0,0,0,8
hyperledger/hyperledger-hip,2024-09,0,0,0,4,0,2,0,0,1,0,0,0,0,0,0,7
hyperledger/hyperledger-hip,2024-10,0,0,0,0,0,1,0,0,1,0,0,0,0,0,0,2
hyperledger/iroha,2017-10,0,0,0,0,0,0,0,0,0,1,0,0,0,0,0,1
hyperledger/iroha,2018-03,0,0,0,4,0,0,0,0,0,0,0,0,0,0,0,4
hyperledger/iroha,2018-09,0,2,0,0,0,0,0,0,0,0,0,0,0,0,0,2
hyperledger/iroha,2019-03,0,0,0,0,0,0,0,1,0,0,0,0,0,0,0,1
hyperledger/iroha,2019-04,3,0,0,0,0,0,1,3,0,0,0,0,0,0,0,7
hyperledger/iroha,2019-09,2,1,0,0,0,0,0,0,0,0,0,0,0,0,0,3
hyperledger/iroha,2021-03,2,1,0,0,0,0,0,1,0,0,0,0,0,0,0,4
hyperledger/iroha,2021-08,7,9,2,6,2,0,0,1,0,0,0,0,0,0,0,27
hyperledger/iroha,2022-04,2,2,1,0,2,2,0,0,1,0,0,0,0,0,0,10
hyperledger/iroha,2022-05,0,2,0,2,1,2,0,0,0,0,0,0,0,0,0,7
hyperledger/iroha,2022-07,0,0,0,2,0,0,0,0,0,0,0,0,0,0,0,2
hyperledger/iroha,2022-08,0,0,0,0,0,0,0,1,0,0,0,0,0,0,0,1
hyperledger/iroha,2023-05,0,0,0,1,0,0,0,0,0,0,0,0,0,0,0,1
hyperledger/iroha,2023-07,0,0,0,1,0,0,0,0,0,0,0,0,0,0,0,1
hyperledger/iroha,2024-04,0,0,0,2,0,0,0,0,0,0,0,0,0,0,0,2
hyperledger-cacti/governance,2024-10,11,11,7,0,6,0,0,0,0,0,0,0,0,0,0,35
hyperledger-cacti/governance,2024-11,2,1,1,0,1,0,0,0,0,0,0,0,0,0,0,5
hyperledger-cacti/governance,2025-01,4,2,2,1,2,2,0,0,0,0,0,0,0,0,0,13
hyperledger-cacti/governance,2025-02,1,1,0,0,1,0,0,0,0,0,0,0,0,0,0,3
hyperledger-cacti/governance,2025-03,4,2,0,0,1,1,0,0,0,0,0,0,0,0,0,8
hyperledger-cacti/governance,2025-05,1,1,0,0,1,0,0,0,0,0,0,0,0,0,0,3
hyperledger-cacti/governance,2025-08,0,1,1,0,1,0,0,0,0,0,0,0,0,0,0,3
hyperledger-cacti/governance,2025-11,0,0,0,0,1,1,0,0,0,0,0,0,0,0,0,2
hyperledger/iroha-python,2019-09,2,1,0,0,0,0,0,0,0,0,0,0,0,0,0,3
hyperledger/iroha-python,2021-03,4,3,0,0,1,0,0,1,0,0,0,0,0,0,0,9
hyperledger/iroha-python,2021-08,0,0,1,0,0,0,0,0,0,0,0,0,0,0,0,1
hyperledger/iroha-python,2022-06,1,3,0,1,1,0,0,0,0,0,0,0,0,0,0,6
hyperledger/iroha-python,2023-05,10,11,4,0,7,9,0,0,11,0,0,0,0,0,0,52
openwallet-foundation/tac,2023-07,0,1,0,0,0,0,0,0,0,0,0,0,0,0,0,1
openwallet-foundation/tac,2023-09,2,1,0,0,0,0,0,0,0,0,0,0,0,0,0,3
openwallet-foundation/tac,2023-10,4,3,2,0,2,0,0,1,1,0,0,0,0,0,0,13
openwallet-foundation/tac,2023-11,1,0,1,0,1,0,0,0,0,0,0,0,0,0,0,3
openwallet-foundation/tac,2023-12,0,1,0,1,0,0,1,0,0,0,0,0,0,0,0,3
openwallet-foundation/tac,2024-01,0,0,0,2,0,2,2,0,1,0,0,0,0,0,0,7
openwallet-foundation/tac,2024-02,0,0,0,7,0,0,3,0,0,0,0,0,0,0,0,10
openwallet-foundation/tac,2024-05,0,0,0,4,0,0,0,0,0,0,0,0,0,0,0,4
openwallet-foundation/tac,2024-12,0,0,0,1,0,0,0,0,0,0,0,0,0,0,0,1
openwallet-foundation/tac,2025-01,1,1,1,9,0,0,3,0,0,0,0,0,0,0,0,15
openwallet-foundation/tac,2025-03,0,1,0,0,0,0,0,0,0,0,0,0,0,0,0,1
openwallet-foundation/tac,2025-07,0,0,0,1,0,0,1,0,0,0,0,0,0,0,0,2
openwallet-foundation/tac,2025-09,0,0,0,0,0,0,1,0,0,0,0,0,0,0,0,1
openwallet-foundation/tac,2026-01,0,1,0,0,0,0,0,0,0,0,0,0,0,0,0,1
hyperledger/aries-cloudagent-python,2019-06,0,2,2,0,0,0,0,0,0,0,0,0,0,0,0,4
hyperledger/aries-cloudagent-python,2019-09,1,0,0,0,0,0,0,0,0,0,0,0,0,0,0,1
hyperledger/aries-cloudagent-python,2020-01,1,0,0,2,0,0,0,1,0,0,0,0,0,0,0,4
hyperledger/aries-cloudagent-python,2021-09,2,2,1,0,1,0,0,0,0,0,0,0,0,0,0,6
hyperledger/aries-cloudagent-python,2021-12,0,0,0,1,0,0,0,0,0,0,0,0,0,0,0,1
hyperledger/aries-cloudagent-python,2022-06,3,1,2,4,0,0,0,0,0,0,0,0,0,0,0,10
hyperledger/aries-cloudagent-python,2022-12,1,1,0,0,0,0,0,0,0,0,0,0,0,0,0,2
hyperledger/aries-cloudagent-python,2023-01,0,0,0,1,0,0,0,0,0,0,0,0,0,0,0,1
hyperledger/aries-cloudagent-python,2023-03,0,0,0,1,0,0,0,0,0,0,0,0,0,0,0,1
hyperledger/aries-cloudagent-python,2023-06,2,2,0,1,1,0,0,0,0,0,0,0,0,0,0,6
hyperledger/aries-cloudagent-python,2023-08,5,6,3,2,2,0,0,0,0,0,0,0,0,0,0,18
hyperledger/aries-cloudagent-python,2024-04,0,0,0,4,0,0,0,0,0,0,0,0,0,0,0,4
hyperledger/aries-cloudagent-python,2024-05,0,0,0,1,0,0,0,0,0,0,0,0,0,0,0,1
hyperledger/aries-cloudagent-python,2024-10,0,0,0,2,0,0,0,0,0,0,0,0,0,0,0,2
PQCA/landscape,2025-02,9,14,4,0,7,1,0,0,0,0,0,0,0,0,0,35
PQCA/landscape,2025-03,1,1,0,0,1,0,0,0,0,0,0,0,0,0,0,3
PQCA/landscape,2025-04,10,2,1,0,8,0,0,0,0,0,0,0,0,0,0,21
hyperledger/aries-framework-javascript,2019-11,2,1,2,0,0,0,0,1,0,0,0,0,0,0,0,6
hyperledger/aries-framework-javascript,2019-12,4,0,0,1,0,0,0,2,0,0,0,0,0,0,0,7
hyperledger/aries-framework-javascript,2020-03,1,0,0,0,0,0,0,1,0,0,0,0,0,0,0,2
hyperledger/aries-framework-javascript,2020-08,0,0,0,1,1,0,0,0,0,0,0,0,0,0,0,2
hyperledger/aries-framework-javascript,2021-02,1,1,1,0,2,0,0,0,0,0,0,0,0,0,0,5
hyperledger/aries-framework-javascript,2021-09,1,0,1,0,0,0,0,0,0,0,0,0,0,0,0,2
hyperledger/aries-framework-javascript,2021-11,0,0,0,1,0,0,0,0,0,0,0,0,0,0,0,1
hyperledger/aries-framework-javascript,2023-03,0,0,0,0,4,0,0,0,0,0,0,0,0,0,0,4
hyperledger/aries-framework-javascript,2023-04,6,5,2,3,2,2,0,0,3,0,0,0,0,0,0,23
hyperledger/aries-framework-javascript,2023-07,1,1,1,2,0,1,0,0,1,0,0,0,0,0,0,7
hyperledger/blockchain-explorer,2018-07,2,0,0,2,0,0,0,0,0,0,0,0,0,0,0,4
hyperledger/blockchain-explorer,2018-08,4,0,0,4,0,0,0,0,0,0,0,0,0,0,0,8
hyperledger/blockchain-explorer,2018-09,3,0,0,3,0,0,0,0,0,0,0,0,0,0,0,6
hyperledger/blockchain-explorer,2018-12,0,0,0,0,0,0,0,1,0,0,0,0,0,0,0,1
hyperledger/blockchain-explorer,2019-02,0,0,0,0,0,0,0,0,0,1,0,0,0,0,0,1
hyperledger/blockchain-explorer,2019-11,5,1,0,2,0,0,0,2,1,0,0,0,0,0,0,11
hyperledger/blockchain-explorer,2020-01,8,0,1,0,0,0,0,3,0,0,0,0,0,0,0,12
hyperledger/blockchain-explorer,2020-03,2,0,0,1,0,0,0,1,0,0,0,0,0,0,0,4
hyperledger/blockchain-explorer,2022-02,1,0,0,0,0,0,0,1,0,0,0,0,0,0,0,2
hyperledger/blockchain-explorer,2022-04,1,0,1,0,0,0,0,0,0,0,0,0,0,0,0,2
hyperledger/blockchain-explorer,2022-05,1,3,1,0,1,0,0,0,0,0,0,0,0,0,0,6
hyperledger/hyperledger,2016-09,0,0,0,1,0,0,0,0,0,0,0,0,0,0,0,1
hyperledger/hyperledger,2017-10,3,1,0,1,0,0,0,1,0,0,0,0,0,0,0,6
hyperledger/hyperledger,2018-03,0,0,0,0,0,0,12,0,0,0,0,0,0,0,0,12
hyperledger/hyperledger,2018-08,0,1,0,0,0,0,0,0,0,0,0,0,0,0,0,1
hyperledger/hyperledger,2018-10,0,0,0,2,0,0,2,0,0,0,0,0,0,0,0,4
hyperledger/hyperledger,2019-03,0,0,0,2,0,0,1,0,0,0,0,0,0,0,0,3
hyperledger/hyperledger,2019-05,2,2,0,0,0,0,0,0,0,0,0,0,0,0,0,4
hyperledger/hyperledger,2019-09,2,1,0,0,0,0,0,0,0,0,0,0,0,0,0,3
hyperledger/hyperledger,2020-04,2,2,1,0,0,0,0,2,0,0,0,0,0,0,0,7
hyperledger/hyperledger,2020-07,0,10,0,0,1,0,0,0,0,0,0,0,0,0,0,11
hyperledger/hyperledger,2021-08,0,1,0,0,0,0,0,0,0,0,0,0,0,0,0,1
hyperledger/hyperledger,2022-01,0,4,0,0,0,0,0,0,0,0,0,0,0,0,0,4
hyperledger/fabric-gateway,2020-12,2,1,0,0,0,0,0,1,0,0,0,0,0,0,0,4
hyperledger/fabric-gateway,2022-05,0,5,0,0,0,0,0,0,0,0,0,0,0,0,0,5
hyperledger/fabric-gateway,2023-01,0,5,0,0,0,0,0,0,0,0,0,0,0,0,0,5
hyperledger/fabric-gateway,2023-02,0,5,0,0,0,0,0,0,0,0,0,0,0,0,0,5
hyperledger/fabric-gateway,2023-03,0,4,0,0,0,0,0,0,0,0,0,0,0,0,0,4
hyperledger/fabric-gateway,2023-04,0,4,0,0,0,0,0,0,0,0,0,0,0,0,0,4
hyperledger/fabric-gateway,2023-05,0,3,0,0,0,0,0,0,0,0,0,0,0,0,0,3
hyperledger/fabric-gateway,2023-06,0,5,0,0,0,0,0,0,0,0,0,0,0,0,0,5
hyperledger/fabric-gateway,2023-08,0,5,0,0,0,0,0,0,0,0,0,0,0,0,0,5
hyperledger/fabric-gateway,2023-09,0,3,0,0,0,0,0,0,0,0,0,0,0,0,0,3
hyperledger/fabric-gateway,2023-10,0,9,0,0,0,0,0,0,0,0,0,0,0,0,0,9
hyperledger/fabric-gateway,2023-11,0,3,0,0,0,0,0,0,0,0,0,0,0,0,0,3
hyperledger/fabric-gateway,2023-12,0,1,0,0,0,0,0,0,0,0,0,0,0,0,0,1
hyperledger/solang,2023-02,5,2,2,2,2,0,0,0,0,0,0,0,0,0,0,13
hyperledger/solang,2023-04,5,5,3,1,3,0,0,0,0,0,0,0,0,0,0,17
hyperledger/solang,2023-05,0,2,1,0,0,0,0,0,0,0,0,0,0,0,0,3
hyperledger/solang,2023-06,1,1,0,0,0,0,0,0,0,0,0,0,0,0,0,2
hyperledger/solang,2023-09,3,5,1,0,1,1,0,0,0,0,0,0,0,0,0,11
hyperledger/solang,2023-10,1,0,0,0,1,0,0,0,0,0,0,0,0,0,0,2
hyperledger/solang,2023-11,0,0,0,0,0,0,1,0,0,0,0,0,0,0,0,1
hyperledger/solang,2024-04,1,0,0,0,0,0,0,0,0,0,0,0,0,0,0,1
hyperledger/solang,2024-06,2,1,1,0,1,0,0,0,0,0,0,0,0,0,0,5
hyperledger/aries-framework-dotnet,2019-08,2,2,2,1,0,0,0,2,4,0,0,0,0,0,0,13
hyperledger/aries-framework-dotnet,2019-09,1,0,0,0,0,0,0,0,0,0,0,0,0,0,0,1
hyperledger/aries-framework-dotnet,2019-12,5,0,0,2,0,0,0,3,0,0,0,0,0,0,0,10
hyperledger/aries-framework-dotnet,2020-01,4,0,0,7,0,0,3,1,0,0,0,0,0,0,0,15
hyperledger/aries-framework-dotnet,2020-10,0,0,0,1,0,0,0,0,0,0,0,0,0,0,0,1
hyperledger/aries-framework-dotnet,2020-12,1,1,0,0,0,1,2,0,0,0,0,0,0,0,0,5
hyperledger/aries-framework-dotnet,2021-11,1,1,0,1,0,0,0,0,0,0,0,0,0,0,0,3
hyperledger/aries-framework-dotnet,2023-10,1,0,0,0,0,2,0,1,1,0,0,0,0,0,0,5
hyperledger/anoncreds-rs,2023-01,0,0,0,1,0,0,0,0,0,0,0,0,0,0,0,1
hyperledger/anoncreds-rs,2023-03,3,2,2,5,1,1,2,0,1,0,0,0,0,0,0,17
hyperledger/anoncreds-rs,2023-04,3,2,2,1,1,0,0,0,0,0,0,0,0,0,0,9
hyperledger/anoncreds-rs,2023-05,0,1,1,0,1,0,0,0,0,0,0,0,0,0,0,3
hyperledger/anoncreds-rs,2023-11,3,1,2,2,5,0,0,1,0,0,0,0,0,0,0,14
hyperledger/anoncreds-rs,2024-12,0,0,0,1,0,0,0,0,0,0,0,0,0,0,0,1
hyperledger/anoncreds-rs,2025-01,1,0,1,1,0,0,0,0,0,0,0,0,0,0,0,3
hyperledger/anoncreds-rs,2025-09,0,0,1,2,0,0,0,0,0,0,0,0,0,0,0,3
hyperledger/anoncreds-rs,2025-10,0,0,0,0,1,0,0,0,0,0,0,0,0,0,0,1
hyperledger/fabric-ca,2018-03,2,0,0,2,1,0,0,0,0,0,0,0,0,0,0,5
hyperledger/fabric-ca,2018-12,1,0,0,1,0,0,0,0,0,0,0,0,0,0,0,2
hyperledger/fabric-ca,2019-02,0,0,0,0,0,0,0,0,0,1,0,0,0,0,0,1
hyperledger/fabric-ca,2019-09,5,0,0,2,0,0,0,3,0,0,0,0,0,0,0,10
hyperledger/fabric-ca,2019-11,1,0,0,0,0,0,0,1,0,0,0,0,0,0,0,2
hyperledger/fabric-ca,2020-01,1,0,0,0,0,0,0,1,0,0,0,0,0,0,0,2
hyperledger/fabric-ca,2020-02,1,0,0,1,0,0,0,1,0,0,0,0,0,0,0,3
hyperledger/fabric-ca,2020-04,4,0,0,3,0,0,0,2,0,0,0,0,0,0,0,9
hyperledger/fabric-ca,2020-05,2,1,0,0,0,0,0,1,0,0,0,0,0,0,0,4
hyperledger/fabric-ca,2021-04,1,0,0,1,0,0,0,1,0,0,0,0,0,0,0,3
hyperledger/fabric-ca,2021-06,1,1,0,5,0,0,0,0,0,0,0,0,0,0,0,7
hyperledger/fabric-ca,2022-04,1,0,1,0,0,0,0,0,0,0,0,0,0,0,0,2
hyperledger/fabric-ca,2024-08,0,0,0,0,0,0,1,0,0,0,0,0,0,0,0,1
hyperledger/caliper,2018-03,2,0,2,0,0,0,0,1,0,0,0,0,0,0,0,5
hyperledger/caliper,2019-09,1,0,0,0,0,0,0,0,0,0,0,0,0,0,0,1
hyperledger/caliper,2019-10,0,0,0,1,0,0,0,0,11,0,0,0,0,0,0,12
hyperledger/caliper,2019-12,0,0,0,2,0,0,1,0,0,0,0,0,0,0,0,3
hyperledger/caliper,2020-02,0,0,0,1,0,0,0,0,0,0,0,0,0,0,0,1
hyperledger/caliper,2020-04,3,0,0,0,0,0,0,1,0,0,0,0,0,0,0,4
hyperledger/caliper,2020-07,0,0,0,0,2,0,0,0,0,0,0,0,0,0,0,2
hyperledger/caliper,2020-12,0,0,0,1,0,0,1,0,0,0,0,0,0,0,0,2
hyperledger/caliper,2021-09,0,0,1,0,1,0,0,0,0,0,0,0,0,0,0,2
hyperledger/caliper,2022-06,2,0,1,0,0,0,0,0,0,0,0,0,0,0,0,3
hyperledger/caliper,2024-01,11,0,0,0,0,0,0,0,0,0,0,0,0,0,0,11
hyperledger/caliper,2024-02,3,0,0,0,0,0,0,0,0,0,0,0,0,0,0,3
hyperledger/caliper,2024-04,0,0,0,1,0,0,0,0,0,0,0,0,0,0,0,1
hyperledger/fabric-chaincode-node,2018-09,1,0,0,1,0,0,0,0,0,0,0,0,0,0,0,2
hyperledger/fabric-chaincode-node,2018-12,1,0,0,1,0,0,0,0,0,0,0,0,0,0,0,2
hyperledger/fabric-chaincode-node,2019-02,1,0,0,1,0,0,0,0,0,1,0,0,0,0,0,3
hyperledger/fabric-chaincode-node,2019-06,1,0,0,1,0,0,0,0,0,0,0,0,0,0,0,2
hyperledger/fabric-chaincode-node,2019-10,2,0,0,0,0,0,0,1,0,0,0,0,0,0,0,3
hyperledger/fabric-chaincode-node,2019-12,3,1,0,0,0,0,0,1,0,0,0,0,0,0,0,5
hyperledger/fabric-chaincode-node,2020-01,1,0,0,0,0,0,0,1,0,0,0,0,0,0,0,2
hyperledger/fabric-chaincode-node,2020-02,3,0,0,1,0,0,0,1,0,0,0,0,0,0,0,5
hyperledger/fabric-chaincode-node,2020-04,1,0,0,1,0,0,0,0,0,0,0,0,0,0,0,2
hyperledger/fabric-chaincode-node,2020-05,2,0,0,2,0,0,0,1,0,0,0,0,0,0,0,5
hyperledger/fabric-chaincode-node,2022-04,0,0,0,0,0,0,0,1,0,0,0,0,0,0,0,1
hyperledger/fabric-chaincode-node,2022-05,1,0,1,0,1,0,1,0,0,0,0,0,0,0,0,4
hyperledger/fabric-chaincode-node,2022-12,0,0,0,0,0,1,0,0,2,0,0,0,0,0,0,3
hyperledger/fabric-chaincode-node,2023-01,0,0,0,0,1,0,0,0,0,0,0,0,0,0,0,1
hyperledger/fabric-chaincode-node,2025-09,1,1,1,0,0,0,0,0,0,0,0,0,0,0,0,3
hyperledger/fabric-chaincode-node,2025-10,0,2,0,2,0,2,0,0,1,0,0,0,0,0,0,7
besu-eth/governance,2025-01,5,6,0,0,0,1,0,0,0,0,0,0,0,0,0,12
besu-eth/governance,2025-02,2,2,0,0,1,0,0,0,0,0,0,0,0,0,0,5
besu-eth/governance,2025-03,2,2,2,0,2,1,0,0,0,0,0,0,0,0,0,9
besu-eth/governance,2025-07,1,1,0,0,0,1,0,0,0,0,0,0,0,0,0,3
besu-eth/governance,2025-10,0,0,1,0,1,0,0,0,0,0,0,0,0,0,0,2
besu-eth/governance,2025-11,0,1,1,0,0,0,0,0,0,0,0,0,0,0,0,2
besu-eth/governance,2026-02,0,0,0,0,1,1,0,0,0,0,0,0,0,0,0,2
besu-eth/governance,2026-03,1,4,2,0,3,0,0,0,0,0,0,0,0,0,0,10
besu-eth/governance,2026-04,0,1,0,0,0,0,0,0,0,0,0,0,0,0,0,1
besu-eth/governance,2026-05,0,1,0,0,0,0,0,0,0,0,0,0,0,0,0,1
hyperledger-labs/university-course,2021-07,0,0,1,0,1,0,0,0,0,0,0,0,0,0,0,2
hyperledger-labs/university-course,2022-02,15,15,0,0,15,0,0,0,0,0,0,0,0,0,0,45
hyperledger-labs/business-partner-agent,2021-02,0,0,0,5,19,1,0,0,0,0,0,0,0,0,0,25
hyperledger-labs/business-partner-agent,2021-04,1,1,0,3,0,0,0,0,0,0,0,0,0,0,0,5
hyperledger-labs/business-partner-agent,2021-05,0,0,0,5,0,0,2,0,0,0,0,0,0,0,0,7
hyperledger-labs/business-partner-agent,2021-06,0,0,0,1,0,0,1,0,0,0,0,0,0,0,0,2
hyperledger-labs/business-partner-agent,2021-08,0,0,1,0,1,0,0,0,0,0,0,0,0,0,0,2
hyperledger-labs/business-partner-agent,2021-09,0,0,0,2,0,0,0,0,0,0,0,0,0,0,0,2
hyperledger-labs/business-partner-agent,2022-01,0,0,0,1,0,0,0,0,0,0,0,0,0,0,0,1
hyperledger-labs/business-partner-agent,2023-05,0,0,0,2,0,0,0,0,0,0,0,0,0,0,0,2
LFDT-Hiero/governance,2024-08,6,3,3,1,3,2,0,0,0,0,0,0,0,0,0,18
LFDT-Hiero/governance,2024-09,2,3,1,0,1,0,0,0,0,0,0,0,0,0,0,7
LFDT-Hiero/governance,2024-10,5,7,0,1,4,3,0,0,0,0,0,0,0,0,0,20
hyperledger/fabric-sdk-java,2017-10,2,0,0,0,0,0,0,0,0,0,0,0,0,0,0,2
hyperledger/fabric-sdk-java,2018-02,0,0,0,0,2,0,0,0,0,0,0,0,0,0,0,2
hyperledger/fabric-sdk-java,2018-04,2,0,0,2,0,0,0,0,0,0,0,0,0,0,0,4
hyperledger/fabric-sdk-java,2018-09,2,0,0,2,0,0,0,0,0,0,0,0,0,0,0,4
hyperledger/fabric-sdk-java,2019-02,0,0,0,0,0,0,0,0,0,1,0,0,0,0,0,1
hyperledger/fabric-sdk-java,2019-10,1,0,0,0,0,0,0,1,0,0,0,0,0,0,0,2
hyperledger/fabric-sdk-java,2019-11,2,1,0,0,0,0,0,1,0,0,0,0,0,0,0,4
hyperledger/fabric-sdk-java,2020-01,2,0,0,0,0,0,0,1,0,0,0,0,0,0,0,3
hyperledger/fabric-sdk-java,2020-04,4,0,0,0,0,0,0,1,0,0,0,0,0,0,0,5
hyperledger/fabric-sdk-java,2020-08,1,0,0,0,0,0,0,1,0,0,0,0,0,0,0,2
hyperledger/fabric-sdk-java,2021-08,0,0,0,1,0,0,0,0,0,0,0,0,0,0,0,1
hyperledger/fabric-sdk-java,2021-09,1,0,0,3,0,0,0,0,0,0,0,0,0,0,0,4
hyperledger/fabric-sdk-java,2022-05,1,1,1,1,0,0,3,0,0,0,0,0,0,0,0,7
hyperledger/fabric-sdk-java,2022-06,1,0,1,0,0,0,0,0,0,0,0,0,0,0,0,2
hyperledger/fabric-sdk-java,2025-04,1,0,1,0,0,0,0,0,0,0,0,0,0,0,0,2
hyperledger/homebrew-fabric,2018-05,2,0,0,2,0,0,0,0,0,0,0,0,0,0,0,4
hyperledger/homebrew-fabric,2018-09,1,0,0,1,0,0,0,0,0,0,0,0,0,0,0,2
hyperledger/homebrew-fabric,2018-11,1,0,0,1,0,0,0,0,0,0,0,0,0,0,0,2
hyperledger/homebrew-fabric,2019-02,0,0,0,0,0,0,0,0,0,1,0,0,0,0,0,1
hyperledger/homebrew-fabric,2019-05,1,0,0,1,0,0,0,0,0,0,0,0,0,0,0,2
hyperledger/homebrew-fabric,2019-09,2,1,0,0,0,0,0,0,0,0,0,0,0,0,0,3
hyperledger/homebrew-fabric,2020-01,4,0,0,1,0,0,0,2,0,0,0,0,0,0,0,7
hyperledger/homebrew-fabric,2020-02,3,0,0,2,0,0,0,2,0,0,0,0,0,0,0,7
hyperledger/homebrew-fabric,2020-04,6,2,0,0,0,0,0,1,0,0,0,0,0,0,0,9
hyperledger/homebrew-fabric,2020-05,2,0,0,0,0,0,0,2,0,0,0,0,0,0,0,4
hyperledger/homebrew-fabric,2020-06,2,0,0,0,0,0,0,2,0,0,0,0,0,0,0,4
hyperledger-labs/fablo,2021-12,5,5,1,2,1,1,0,1,1,0,0,0,0,0,0,17
hyperledger-labs/fablo,2023-05,9,2,2,7,7,0,0,0,0,0,0,0,0,0,0,27
hyperledger-labs/pluggable-hcs,2020-04,4,1,2,0,0,0,0,2,0,0,0,0,0,0,0,9
hyperledger-labs/pluggable-hcs,2021-01,0,0,1,0,1,0,0,0,0,0,0,0,0,0,0,2
hyperledger-labs/pluggable-hcs,2022-04,2,1,1,0,1,0,0,0,0,0,0,0,0,0,0,5
hyperledger-labs/pluggable-hcs,2022-07,1,0,1,0,0,0,0,0,0,0,0,0,0,0,0,2
hyperledger-labs/pluggable-hcs,2023-05,5,6,0,0,5,0,1,0,0,0,0,0,0,0,0,17
hyperledger-labs/pluggable-hcs,2024-04,9,0,0,0,0,0,0,0,0,0,0,0,0,0,0,9
hyperledger/aries-agent-test-harness,2021-02,1,1,0,0,1,0,0,0,0,1,0,0,0,0,0,4
hyperledger/aries-agent-test-harness,2021-03,0,1,0,0,0,0,0,0,0,0,0,0,0,0,0,1
hyperledger/aries-agent-test-harness,2021-08,1,0,1,0,0,0,0,0,0,0,0,0,0,0,0,2
hyperledger/aries-agent-test-harness,2021-09,1,0,1,0,0,0,0,0,0,0,0,0,0,0,0,2
hyperledger/aries-agent-test-harness,2022-03,0,2,0,1,0,0,0,0,0,0,0,0,0,0,0,3
hyperledger/aries-agent-test-harness,2022-04,2,1,1,1,1,0,0,0,0,0,0,0,0,0,0,6
hyperledger/aries-agent-test-harness,2022-05,2,6,2,3,1,0,0,1,0,0,0,0,0,0,0,15
hyperledger/aries-agent-test-harness,2022-11,3,2,1,0,0,0,0,0,0,0,0,0,0,0,0,6
hyperledger/aries-agent-test-harness,2023-01,0,0,0,0,0,0,1,0,0,0,0,0,0,0,0,1
hyperledger/aries-agent-test-harness,2023-03,0,0,0,2,0,0,1,0,0,0,0,0,0,0,0,3
hyperledger/aries-agent-test-harness,2024-01,0,0,0,1,0,0,0,0,0,0,0,0,0,0,0,1
hyperledger/caliper-benchmarks,2019-08,2,1,3,0,0,0,0,1,0,0,0,0,0,0,0,7
hyperledger/caliper-benchmarks,2019-09,0,3,0,0,0,0,0,0,0,0,0,0,0,0,0,3
hyperledger/caliper-benchmarks,2019-10,1,1,0,0,0,0,0,0,0,0,0,0,0,0,0,2
hyperledger/caliper-benchmarks,2019-11,0,1,0,0,0,0,0,0,0,0,0,0,0,0,0,1
hyperledger/caliper-benchmarks,2020-01,0,1,0,0,0,0,0,0,0,0,0,0,0,0,0,1
hyperledger/caliper-benchmarks,2020-02,0,2,0,0,0,0,0,0,0,0,0,0,0,0,0,2
hyperledger/caliper-benchmarks,2020-03,0,1,0,0,0,0,0,0,0,0,0,0,0,0,0,1
hyperledger/caliper-benchmarks,2020-04,0,1,0,0,0,0,0,0,0,0,0,0,0,0,0,1
hyperledger/caliper-benchmarks,2020-05,0,1,0,0,0,0,0,0,0,0,0,0,0,0,0,1
hyperledger/caliper-benchmarks,2020-06,0,1,0,0,0,0,0,0,0,0,0,0,0,0,0,1
hyperledger/caliper-benchmarks,2020-07,0,5,0,0,0,0,0,0,0,0,0,0,0,0,0,5
hyperledger/caliper-benchmarks,2020-12,0,0,0,0,0,0,1,0,0,0,0,0,0,0,0,1
hyperledger/caliper-benchmarks,2021-09,0,0,1,0,0,0,0,0,0,0,0,0,0,0,0,1
hyperledger/caliper-benchmarks,2022-02,2,0,1,1,0,0,0,0,0,0,0,0,0,0,0,4
hyperledger/caliper-benchmarks,2024-02,11,0,0,0,0,0,0,0,0,0,0,0,0,0,0,11
hyperledger/caliper-benchmarks,2024-05,0,0,0,1,0,0,0,0,0,0,0,0,0,0,0,1
hyperledger/fabric-protos,2019-08,3,2,2,0,0,0,0,1,0,0,0,0,0,0,0,8
hyperledger/fabric-protos,2020-01,1,0,0,0,0,0,0,1,0,0,0,0,0,0,0,2
hyperledger/fabric-protos,2020-03,1,1,0,1,0,0,0,0,0,0,0,0,0,0,0,3
hyperledger/fabric-protos,2020-04,1,0,0,0,0,0,0,0,0,0,0,0,0,0,0,1
hyperledger/fabric-protos,2022-05,1,1,0,1,0,4,0,0,1,0,0,0,0,0,0,8
hyperledger/fabric-protos,2022-06,5,4,0,3,1,0,0,2,0,0,0,0,0,0,0,15
hyperledger/fabric-protos,2022-07,0,3,1,0,0,0,0,0,0,0,0,0,0,1,0,5
hyperledger/fabric-protos,2023-01,0,0,0,0,1,0,0,0,0,0,0,0,0,0,0,1
LFDT-Regional-Chapters/governance,2025-05,1,3,2,0,1,0,0,0,0,0,0,0,0,0,0,7
LFDT-Regional-Chapters/governance,2025-06,6,4,5,0,2,0,0,0,0,0,0,0,0,0,0,17
LFDT-Regional-Chapters/governance,2025-07,4,2,3,0,2,0,0,0,0,0,0,0,0,0,0,11
LFDT-Regional-Chapters/governance,2025-08,1,1,1,0,0,0,0,0,0,0,0,0,0,0,0,3
LFDT-Regional-Chapters/governance,2025-09,1,1,0,0,0,0,0,0,0,0,0,0,0,0,0,2
LFDT-Regional-Chapters/governance,2026-05,1,1,0,0,0,0,0,0,0,0,0,0,0,0,0,2
hyperledger/besu-native,2020-04,2,0,2,0,0,0,0,1,0,0,0,0,0,0,0,5
hyperledger/besu-native,2021-01,0,0,0,1,0,0,1,0,0,0,0,0,0,0,0,2
hyperledger/besu-native,2021-02,0,0,0,3,0,0,0,0,0,0,0,0,0,0,0,3
hyperledger/besu-native,2021-03,2,1,0,0,0,0,0,1,0,0,0,0,0,0,0,4
hyperledger/besu-native,2022-08,0,0,0,0,0,0,0,1,0,0,0,0,0,0,0,1
hyperledger/besu-native,2022-11,0,0,0,1,0,0,0,0,0,0,0,0,0,0,0,1
hyperledger/besu-native,2023-10,3,2,0,0,1,0,0,1,0,0,0,0,0,0,0,7
hyperledger/besu-native,2024-02,1,0,0,0,0,0,0,0,0,0,0,0,0,0,0,1
hyperledger/besu-native,2024-03,1,0,0,0,0,0,0,1,0,0,0,0,0,0,0,2
hyperledger/besu-native,2024-06,3,5,2,0,1,0,0,0,0,0,0,0,0,0,0,11
hyperledger/besu-native,2025-01,2,0,1,0,1,0,0,0,0,0,0,0,0,0,0,4
hyperledger/fabric-sdk-go,2018-03,1,0,0,1,0,0,0,0,0,0,0,0,0,0,0,2
hyperledger/fabric-sdk-go,2018-04,1,0,0,1,0,0,0,0,0,0,0,0,0,0,0,2
hyperledger/fabric-sdk-go,2018-06,1,0,0,1,0,0,0,0,0,0,0,0,0,0,0,2
hyperledger/fabric-sdk-go,2018-07,1,0,0,1,0,0,0,0,0,0,0,0,0,0,0,2
hyperledger/fabric-sdk-go,2018-08,1,0,0,1,0,0,0,0,0,0,0,0,0,0,0,2
hyperledger/fabric-sdk-go,2019-02,0,0,0,0,0,0,0,0,0,1,0,0,0,0,0,1
hyperledger/fabric-sdk-go,2019-09,4,0,0,0,0,0,0,1,0,0,0,0,0,0,0,5
hyperledger/fabric-sdk-go,2020-01,1,0,0,0,0,0,0,1,0,0,0,0,0,0,0,2
hyperledger/fabric-sdk-go,2020-04,1,0,0,0,0,0,0,0,0,0,0,0,0,0,0,1
hyperledger/fabric-sdk-go,2021-02,3,2,2,0,2,1,0,0,0,0,0,0,0,0,0,10
hyperledger/fabric-sdk-go,2022-06,1,0,1,1,0,0,0,0,0,0,0,0,0,0,0,3
hyperledger/fabric-sdk-go,2022-07,1,1,0,0,1,0,0,0,0,0,0,0,0,0,0,3
hyperledger/fabric-sdk-go,2025-04,2,1,1,1,1,0,0,0,0,0,0,0,0,0,0,6
LF-Decentralized-Trust/contribute,2025-11,1,2,0,1,35,0,0,0,0,0,0,0,0,0,0,39
LF-Decentralized-Trust/contribute,2026-01,0,1,0,0,0,0,0,0,0,0,0,0,0,0,0,1
pq-code-package/mlkem-c-aarch64,2024-03,0,1,2,0,0,0,0,0,0,0,0,0,0,0,0,3
pq-code-package/mlkem-c-aarch64,2024-05,0,0,0,3,0,0,0,0,0,0,0,0,0,0,0,3
pq-code-package/mlkem-c-aarch64,2024-06,2,7,2,3,3,0,0,0,0,0,0,0,0,0,0,17
pq-code-package/mlkem-c-aarch64,2024-09,3,4,2,2,1,3,0,0,2,0,0,0,0,0,0,17
LFDT-Lockness/governance,2024-08,5,5,4,0,2,0,0,0,0,0,0,0,0,0,0,16
LFDT-Lockness/governance,2024-09,4,1,3,0,1,0,0,0,0,0,0,0,0,0,0,9
LFDT-Lockness/governance,2024-10,0,0,0,0,0,1,0,0,0,0,0,0,0,0,0,1
LFDT-Lockness/governance,2025-01,2,1,1,0,1,0,0,0,0,0,0,0,0,0,0,5
LFDT-Lockness/governance,2025-03,2,1,1,0,1,0,0,0,0,0,0,0,0,0,0,5
LFDT-Lockness/governance,2026-03,0,1,0,0,1,0,0,0,0,0,0,0,0,0,0,2
LFDT-Lockness/governance,2026-04,0,0,1,0,0,0,0,0,0,0,0,0,0,0,0,1
hyperledger/aries-mobile-agent-react-native,2021-03,7,3,4,0,3,0,0,0,0,0,0,0,0,0,0,17
hyperledger/aries-mobile-agent-react-native,2023-02,1,1,0,2,0,6,0,0,3,0,0,0,0,0,0,13
hyperledger/aries-mobile-agent-react-native,2023-06,1,1,1,2,0,0,0,0,0,0,0,0,0,0,0,5
hyperledger/aries-mobile-agent-react-native,2023-08,1,1,0,0,0,0,0,0,0,0,0,0,0,0,0,2
hyperledger/aries-mobile-agent-react-native,2024-01,0,0,0,1,0,0,0,0,0,0,0,0,0,0,0,1
hyperledger/aries-mobile-agent-react-native,2024-02,0,0,0,1,0,0,0,0,0,0,0,0,0,0,0,1
hyperledger/ursa-python,2019-08,2,3,3,0,0,0,0,1,0,0,0,0,0,0,0,9
hyperledger/ursa-python,2019-10,1,0,0,0,0,0,0,0,0,0,0,0,0,0,0,1
hyperledger/ursa-python,2020-01,1,0,0,2,0,0,0,1,0,0,0,0,0,0,0,4
hyperledger/ursa-python,2020-04,2,0,1,0,0,0,0,1,0,0,0,0,0,1,0,5
hyperledger/ursa-python,2021-01,0,0,1,0,1,0,0,0,0,0,0,0,0,0,0,2
hyperledger/ursa-python,2021-03,2,3,1,0,0,0,0,0,0,0,0,0,0,0,0,6
hyperledger/ursa-python,2022-01,1,0,0,1,0,0,0,1,0,0,0,0,0,0,0,3
hyperledger/ursa-python,2022-06,2,1,0,0,0,0,0,1,0,0,0,0,0,0,0,4
hyperledger/ursa-python,2023-04,2,2,1,0,0,0,0,0,0,0,0,0,0,0,0,5
hyperledger/ursa-wrapper-go,2020-09,4,3,2,1,0,3,0,1,2,0,0,0,0,0,0,16
hyperledger/ursa-wrapper-go,2021-01,0,0,0,1,0,0,0,0,0,0,0,0,0,0,0,1
hyperledger/ursa-wrapper-go,2022-08,5,5,1,2,4,0,0,0,0,0,0,0,0,0,0,17
hyperledger/ursa-wrapper-go,2023-04,2,1,1,0,1,0,0,0,0,0,0,0,0,0,0,5
LF-Decentralized-Trust-Mentorships/governance,2025-01,5,4,5,0,2,0,0,0,0,0,0,0,0,0,0,16
LF-Decentralized-Trust-Mentorships/governance,2025-02,2,2,1,0,1,0,0,0,0,0,0,0,0,0,0,6
LF-Decentralized-Trust-Mentorships/governance,2025-07,2,0,1,0,2,0,0,0,0,0,0,0,0,0,0,5
LF-Decentralized-Trust-Mentorships/governance,2025-08,1,1,0,0,1,0,0,0,0,0,0,0,0,0,0,3
LF-Decentralized-Trust-Mentorships/governance,2025-10,1,2,1,0,1,0,0,0,0,0,0,0,0,0,0,5
LF-Decentralized-Trust-Mentorships/governance,2025-11,0,1,0,0,0,0,0,0,0,0,0,0,0,0,0,1
LF-Decentralized-Trust-Mentorships/governance,2026-05,0,1,0,0,1,0,0,0,0,0,0,0,0,0,0,2
hyperledger/indy-plenum,2018-02,3,0,0,4,0,0,0,2,0,0,0,0,0,0,0,9
hyperledger/indy-plenum,2019-05,1,0,0,0,0,0,0,0,0,0,0,0,0,0,0,1
hyperledger/indy-plenum,2019-09,1,0,0,0,0,0,0,0,0,0,0,0,0,0,0,1
hyperledger/indy-plenum,2021-02,2,2,0,1,0,1,0,0,0,0,0,0,0,0,0,6
hyperledger/indy-plenum,2021-03,2,2,1,0,1,0,0,0,0,0,0,0,0,0,0,6
hyperledger/indy-plenum,2021-07,0,0,0,2,0,2,0,0,0,0,0,0,0,0,0,4
hyperledger/indy-plenum,2022-08,3,0,2,0,2,0,0,0,0,0,0,0,0,0,0,7
hyperledger/indy-plenum,2024-02,0,0,0,0,0,2,0,0,0,0,0,0,0,0,0,2
hyperledger/indy-plenum,2024-12,1,1,0,0,0,0,0,0,0,0,0,0,0,0,0,2
hyperledger-labs/blockchain-automation-framework,2020-04,2,1,1,0,0,0,0,1,0,0,0,0,0,0,0,5
hyperledger-labs/blockchain-automation-framework,2020-12,0,0,0,0,0,0,1,0,0,0,0,0,0,0,0,1
hyperledger-labs/blockchain-automation-framework,2021-04,10,5,2,4,7,0,0,0,0,0,0,0,0,0,0,28
hyperledger-labs/blockchain-automation-framework,2021-07,1,0,1,0,1,0,0,0,0,0,0,0,0,0,0,3
hyperledger-labs/firefly,2021-06,1,0,1,0,1,0,0,0,0,0,0,0,0,0,0,3
hyperledger-labs/firefly,2021-07,1,0,0,0,0,0,0,1,0,0,0,0,0,0,0,2
hyperledger-labs/firefly,2021-09,0,1,0,0,30,0,0,0,0,1,0,0,0,0,0,32
hyperledger/ursa-docs,2019-12,2,1,0,2,0,0,0,1,0,0,0,0,0,0,0,6
hyperledger/ursa-docs,2020-03,2,1,0,0,0,0,0,1,0,0,0,0,0,0,0,4
hyperledger/ursa-docs,2020-05,2,1,0,2,0,0,1,1,0,0,0,0,0,0,0,7
hyperledger/ursa-docs,2021-01,0,0,1,1,1,0,1,0,0,0,0,0,0,0,0,4
hyperledger/ursa-docs,2021-02,4,2,0,0,0,0,0,1,0,0,0,0,0,0,0,7
hyperledger/ursa-docs,2023-04,3,2,2,0,2,0,0,0,0,0,0,0,0,0,0,9
hyperledger/fabric-gateway-java,2019-09,3,1,0,1,0,0,0,0,0,0,0,0,0,0,0,5
hyperledger/fabric-gateway-java,2020-01,2,0,0,0,0,0,0,1,0,0,0,0,0,0,0,3
hyperledger/fabric-gateway-java,2020-04,1,0,0,1,0,0,0,0,0,0,0,0,0,0,0,2
hyperledger/fabric-gateway-java,2023-01,0,9,0,0,1,0,0,0,0,0,0,0,0,0,0,10
hyperledger/fabric-gateway-java,2023-03,0,4,0,0,0,0,0,0,0,0,0,0,0,0,0,4
hyperledger/fabric-gateway-java,2023-04,0,4,0,0,0,0,0,0,0,0,0,0,0,0,0,4
hyperledger/fabric-gateway-java,2023-05,0,1,0,0,0,0,0,0,0,0,0,0,0,0,0,1
hyperledger/fabric-gateway-java,2023-08,0,1,0,0,0,0,0,0,0,0,0,0,0,0,0,1
hyperledger/fabric-gateway-java,2023-10,0,1,0,0,0,0,0,0,0,0,0,0,0,0,0,1
hyperledger/fabric-gateway-java,2023-12,0,2,0,0,0,0,0,0,0,0,0,0,0,0,0,2
hyperledger/fabric-gateway-java,2025-04,1,0,1,0,0,0,0,0,0,0,0,0,0,0,0,2
hyperledger/fabric-sdk-py,2018-04,0,0,0,1,0,0,0,0,0,0,0,0,0,0,0,1
hyperledger/fabric-sdk-py,2018-09,1,0,0,1,1,0,0,0,0,0,0,0,0,0,0,3
hyperledger/fabric-sdk-py,2019-02,0,0,0,0,0,0,0,0,0,1,0,0,0,0,0,1
hyperledger/fabric-sdk-py,2019-11,1,0,0,0,0,0,0,1,0,0,0,0,0,0,0,2
hyperledger/fabric-sdk-py,2019-12,1,0,0,0,0,0,0,1,0,0,0,0,0,0,0,2
hyperledger/fabric-sdk-py,2020-01,2,1,0,0,0,0,0,1,0,0,0,0,0,0,0,4
hyperledger/fabric-sdk-py,2020-02,1,1,0,0,0,0,0,0,0,0,0,0,0,0,0,2
hyperledger/fabric-sdk-py,2020-03,0,0,0,4,0,0,0,0,0,0,0,0,0,0,0,4
hyperledger/fabric-sdk-py,2020-04,2,0,0,0,0,0,0,1,0,0,0,0,0,0,0,3
hyperledger/fabric-sdk-py,2020-05,1,0,0,0,0,0,0,1,0,0,0,0,0,0,0,2
hyperledger/fabric-sdk-py,2021-05,0,0,0,1,0,0,0,0,0,0,0,0,0,0,0,1
hyperledger/fabric-sdk-py,2022-04,0,0,1,0,1,0,0,0,0,0,0,0,0,0,0,2
hyperledger/fabric-sdk-py,2022-05,0,1,0,0,0,0,0,0,0,0,0,0,0,0,0,1
hyperledger/fabric-sdk-py,2022-06,1,0,0,0,0,0,0,0,0,0,0,0,0,0,0,1
hyperledger/fabric-sdk-py,2022-08,0,0,0,2,0,0,0,0,0,0,0,0,0,0,0,2
hyperledger/fabric-sdk-py,2023-03,1,1,0,1,0,0,0,0,0,0,0,0,0,0,0,3
hyperledger/fabric-sdk-py,2025-05,0,1,0,0,0,0,0,0,0,0,0,0,0,0,0,1
hyperledger/fabric-test,2016-05,0,0,1,0,0,0,0,0,0,0,0,0,0,0,0,1
hyperledger/fabric-test,2018-04,1,0,0,1,0,0,0,0,0,0,0,0,0,0,0,2
hyperledger/fabric-test,2018-10,1,0,0,1,0,0,0,0,0,0,0,0,0,0,0,2
hyperledger/fabric-test,2019-02,0,0,0,0,0,0,0,0,0,1,0,0,0,0,0,1
hyperledger/fabric-test,2020-01,1,0,0,0,1,0,0,1,6,0,0,0,0,0,0,9
hyperledger/fabric-test,2020-03,1,1,0,0,0,0,0,0,0,0,0,0,0,0,0,2
hyperledger/fabric-test,2020-04,1,0,0,2,0,0,0,0,1,0,0,0,0,0,0,4
hyperledger/fabric-test,2021-02,0,0,0,0,0,0,1,0,0,0,0,0,0,0,0,1
hyperledger/fabric-test,2022-05,2,2,1,0,1,0,1,0,0,0,0,0,0,0,0,7
hyperledger/fabric-test,2022-11,2,1,0,0,0,0,0,0,0,0,0,0,0,0,0,3
hyperledger/fabric-test,2023-10,1,0,1,0,0,0,0,0,0,0,0,0,0,0,0,2
hyperledger/fabric-test,2023-11,0,0,0,1,0,0,0,0,0,0,0,0,0,0,0,1
hyperledger/firefly,2023-04,2,1,1,0,1,0,0,0,0,0,0,0,0,0,0,5
hyperledger/firefly,2023-05,2,1,1,0,1,0,0,0,0,0,0,0,0,0,0,5
hyperledger/firefly,2023-06,0,0,0,1,0,0,1,0,0,0,0,0,0,0,0,2
hyperledger/firefly,2024-12,0,0,0,0,0,2,0,0,2,0,0,0,0,0,0,4
hyperledger/firefly,2025-01,6,3,3,0,4,0,0,0,0,0,0,0,0,0,0,16
hyperledger/firefly,2025-02,1,1,0,0,0,0,0,1,0,0,0,0,0,0,0,3
hiero-ledger/hiero-sdk-tck,2025-05,9,5,5,0,5,0,0,0,0,0,0,0,0,0,0,24
hiero-ledger/hiero-sdk-tck,2025-06,3,3,4,0,0,0,0,0,0,0,0,0,0,0,0,10
hyperledger/aries-rfcs,2019-05,3,1,0,0,0,0,0,1,0,0,0,0,0,0,0,5
hyperledger/aries-rfcs,2019-06,4,0,1,0,1,0,0,2,0,0,0,0,0,0,0,8
hyperledger/aries-rfcs,2019-09,1,0,0,0,0,0,0,0,0,0,0,0,0,0,0,1
hyperledger/aries-rfcs,2020-01,3,3,0,4,0,0,0,1,0,0,0,0,0,0,0,11
hyperledger/aries-rfcs,2020-04,0,0,0,4,0,0,2,0,0,0,0,0,0,0,0,6
hyperledger/aries-rfcs,2021-04,1,1,0,0,0,0,0,0,0,0,0,0,0,0,0,2
hyperledger/aries-rfcs,2024-06,0,0,0,1,0,0,0,0,0,0,0,0,0,0,0,1
hyperledger/composer,2017-10,0,0,0,0,0,0,0,1,0,0,0,0,0,0,0,1
hyperledger/composer,2018-02,1,0,0,5,0,0,0,1,0,0,0,0,0,0,0,7
hyperledger/composer,2018-04,0,0,0,1,0,0,0,0,0,0,0,0,0,0,0,1
hyperledger/composer,2018-08,0,1,0,0,0,0,0,0,0,0,0,0,0,0,0,1
hyperledger/composer,2018-09,3,0,0,0,0,0,0,1,0,0,0,0,0,0,0,4
hyperledger/composer,2019-05,0,0,0,1,0,0,0,1,0,0,0,0,0,0,0,2
hyperledger/composer,2019-08,1,0,0,0,0,0,0,0,0,0,0,0,0,0,0,1
hyperledger/composer,2019-10,0,0,0,7,0,0,7,0,0,0,0,0,0,0,0,14
hyperledger/composer,2020-03,0,1,0,0,0,0,0,0,0,0,0,0,0,0,0,1
hyperledger/composer,2021-01,0,0,1,0,1,0,0,0,0,0,0,0,0,0,0,2
hyperledger/education,2017-08,0,1,0,0,0,0,0,0,0,0,0,0,0,0,0,1
hyperledger/education,2017-10,2,0,0,0,0,0,0,1,0,0,0,0,0,0,0,3
hyperledger/education,2018-05,1,1,0,0,0,0,0,0,0,0,0,0,0,0,0,2
hyperledger/education,2018-08,0,2,0,2,0,0,0,0,0,0,0,0,0,0,0,4
hyperledger/education,2019-02,2,0,0,0,0,0,0,0,0,0,0,0,0,0,0,2
hyperledger/education,2019-06,6,10,0,0,0,0,0,0,0,0,0,0,0,0,0,16
hyperledger/education,2019-08,2,4,0,0,0,0,0,0,0,0,0,0,0,0,0,6
hyperledger/iroha-ios,2017-10,4,0,0,0,0,0,0,2,0,0,0,0,0,0,0,6
hyperledger/iroha-ios,2019-06,2,0,0,0,0,0,0,0,0,0,0,0,0,0,0,2
hyperledger/iroha-ios,2019-09,2,1,0,0,0,0,0,0,0,0,0,0,0,0,0,3
hyperledger/iroha-ios,2020-04,2,1,0,0,0,0,0,1,0,0,0,0,0,0,0,4
hyperledger/iroha-ios,2021-06,0,0,1,0,0,0,0,0,0,0,0,0,0,0,0,1
hyperledger/iroha-ios,2023-04,0,1,0,0,0,0,0,0,0,0,0,0,0,0,0,1
hyperledger/iroha-ios,2023-08,0,0,1,0,16,0,0,0,0,0,0,0,0,0,0,17
hyperledger/besu-docs,2019-09,0,0,1,0,0,0,0,0,0,0,0,0,0,0,0,1
hyperledger/besu-docs,2019-10,2,1,0,0,0,0,0,0,0,0,0,0,0,0,0,3
hyperledger/besu-docs,2020-05,1,0,0,0,0,0,0,1,0,0,0,0,0,0,0,2
hyperledger/besu-docs,2020-06,2,1,0,1,0,0,0,1,0,0,0,0,0,0,0,5
hyperledger/besu-docs,2020-09,2,1,0,2,0,0,0,1,0,0,0,0,0,0,0,6
hyperledger/besu-docs,2023-03,1,2,0,0,0,0,0,0,0,0,0,0,0,0,0,3
hyperledger/besu-docs,2023-06,0,6,0,0,0,0,0,0,0,0,0,0,0,0,0,6
hyperledger/besu-docs,2023-07,2,2,1,0,1,0,0,0,0,0,0,0,0,0,0,6
hyperledger/fabric-chaincode-java,2019-02,1,0,0,1,0,0,0,0,0,1,0,0,0,0,0,3
hyperledger/fabric-chaincode-java,2019-10,2,0,0,0,0,0,0,1,0,0,0,0,0,0,0,3
hyperledger/fabric-chaincode-java,2020-01,1,0,0,0,0,0,0,1,0,0,0,0,0,0,0,2
hyperledger/fabric-chaincode-java,2020-04,1,0,0,0,0,0,0,0,0,0,0,0,0,0,0,1
hyperledger/fabric-chaincode-java,2020-05,0,0,0,1,0,0,0,0,0,0,0,0,0,0,0,1
hyperledger/fabric-chaincode-java,2022-01,1,0,1,0,0,0,0,0,0,0,0,0,0,0,0,2
hyperledger/fabric-chaincode-java,2022-05,1,0,0,0,1,0,2,0,0,0,0,0,0,0,0,4
hyperledger/fabric-chaincode-java,2022-06,1,0,1,1,0,0,0,0,0,0,0,0,0,0,0,3
hyperledger/fabric-chaincode-java,2022-07,0,0,0,2,0,0,0,0,0,0,0,0,0,0,0,2
hyperledger/fabric-chaincode-java,2023-01,2,3,2,0,4,0,0,0,0,0,0,0,0,0,0,11
hyperledger-solang/governance,2024-09,7,5,7,0,5,0,0,0,0,0,0,0,0,0,0,24
hyperledger-solang/governance,2025-06,2,1,1,0,1,0,0,0,0,0,0,0,0,0,0,5
hyperledger-solang/governance,2025-11,1,0,0,0,0,0,0,0,0,0,0,0,0,0,0,1
hyperledger-solang/governance,2026-05,0,1,0,0,0,0,0,0,0,0,0,0,0,0,0,1
hyperledger-labs/fabric-ansible-collection,2023-02,2,0,1,0,1,0,0,0,0,0,0,0,0,0,0,4
hyperledger-labs/fabric-ansible-collection,2023-08,0,4,5,0,4,0,0,0,0,0,0,0,0,0,0,13
hyperledger-labs/fabric-ansible-collection,2023-09,2,3,3,0,0,0,0,0,0,0,0,0,0,0,0,8
hyperledger-labs/fabric-ansible-collection,2023-10,0,0,3,0,0,0,0,0,0,0,0,0,0,0,0,3
hyperledger-labs/fabric-ansible-collection,2024-03,0,0,1,0,0,0,0,0,0,0,0,0,0,0,0,1
hyperledger-labs/fabric-ansible-collection,2024-04,0,0,0,0,1,0,0,0,0,0,0,0,0,0,0,1
hyperledger/burrow,2017-10,2,0,0,0,0,0,0,1,0,0,0,0,0,0,0,3
hyperledger/burrow,2018-05,0,0,0,0,0,0,0,1,0,0,0,0,0,0,0,1
hyperledger/burrow,2019-08,0,0,0,0,0,0,0,1,0,0,0,0,0,0,0,1
hyperledger/burrow,2019-09,1,0,0,0,0,0,0,0,0,0,0,0,0,0,0,1
hyperledger/burrow,2019-12,1,0,0,0,0,0,0,1,0,0,0,0,0,0,0,2
hyperledger/burrow,2020-01,1,0,0,0,0,0,0,1,0,0,0,0,0,0,0,2
hyperledger/burrow,2021-03,1,0,0,2,0,0,0,1,0,0,0,0,0,0,0,4
hyperledger/burrow,2021-08,0,0,0,0,0,0,0,1,0,0,0,0,0,0,0,1
hyperledger/burrow,2022-05,8,5,1,0,0,0,0,0,0,0,0,0,0,0,0,14
openwallet-foundation/credo-ts-ext,2025-01,1,0,0,0,0,0,0,0,0,0,0,0,0,0,0,1
openwallet-foundation/credo-ts-ext,2025-04,10,6,1,0,11,0,0,0,0,0,0,0,0,0,0,28
LF-Decentralized-Trust/project-proposals,2024-10,1,0,0,0,0,1,0,0,0,0,0,0,0,0,0,2
LF-Decentralized-Trust/project-proposals,2024-11,1,1,0,1,0,0,0,0,0,0,0,0,0,0,0,3
LF-Decentralized-Trust/project-proposals,2025-03,0,0,0,2,0,0,0,0,0,0,0,0,0,0,0,2
LF-Decentralized-Trust/project-proposals,2025-04,0,0,1,0,2,0,0,0,0,0,0,0,0,0,0,3
LF-Decentralized-Trust/project-proposals,2025-07,1,0,0,0,0,1,0,0,0,0,0,0,0,0,0,2
LF-Decentralized-Trust/project-proposals,2025-08,1,0,1,0,2,0,0,0,0,0,0,0,0,0,0,4
LF-Decentralized-Trust/project-proposals,2025-09,0,0,0,1,0,0,0,0,0,0,0,0,0,0,0,1
LF-Decentralized-Trust/project-proposals,2025-10,1,5,0,1,1,0,2,0,0,0,0,0,0,0,0,10
LF-Decentralized-Trust/project-proposals,2026-05,0,0,0,0,1,0,0,0,0,0,0,0,0,0,0,1
hyperledger-labs/nephos,2019-03,5,1,3,0,0,0,0,1,0,0,0,0,0,0,0,10
hyperledger-labs/nephos,2020-10,2,3,0,2,9,2,0,0,0,0,0,0,0,0,0,18
hyperledger-labs/solang,2019-06,2,0,0,0,0,0,0,1,0,0,0,0,0,0,0,3
hyperledger-labs/solang,2021-01,0,0,1,0,1,0,0,0,0,0,0,0,0,0,0,2
hyperledger-labs/solang,2021-08,0,0,0,1,0,0,0,0,0,0,0,0,0,0,0,1
hyperledger-labs/solang,2021-12,2,0,1,0,0,0,0,0,0,0,0,0,0,0,0,3
hyperledger-labs/solang,2022-01,1,0,1,0,0,0,0,2,0,0,0,0,0,0,0,4
hyperledger-labs/solang,2022-02,1,0,1,0,0,0,0,0,0,0,0,0,0,0,0,2
hyperledger-labs/solang,2022-03,1,1,0,0,0,0,0,0,0,0,0,0,0,0,0,2
hyperledger-labs/solang,2022-05,1,5,1,0,0,0,0,0,0,0,0,0,0,0,0,7
hyperledger-labs/solang,2022-08,1,1,1,0,0,0,0,1,0,0,0,0,0,0,0,4
hyperledger-labs/voters,2020-06,0,1,0,0,0,0,0,0,0,0,0,0,0,0,0,1
hyperledger-labs/voters,2020-09,0,1,0,0,0,0,0,0,0,0,0,0,0,0,0,1
hyperledger-labs/voters,2021-07,0,0,1,0,0,0,0,0,0,0,0,0,0,0,0,1
hyperledger-labs/voters,2021-08,0,6,0,0,1,0,0,0,0,0,0,0,0,0,0,7
hyperledger-labs/voters,2021-09,3,12,1,0,1,1,0,0,0,0,0,0,0,0,0,18
hyperledger/.github,2021-01,0,0,3,0,0,0,0,0,0,0,0,0,0,0,0,3
hyperledger/.github,2021-04,0,1,0,0,1,0,0,0,0,0,0,0,0,0,0,2
hyperledger/.github,2022-04,0,7,2,0,0,0,0,0,0,0,0,0,0,0,0,9
hyperledger/.github,2022-08,0,1,0,0,0,0,0,0,0,0,0,0,0,0,0,1
hyperledger/.github,2022-11,0,3,0,0,0,0,0,0,0,0,0,0,0,0,0,3
hyperledger/.github,2023-03,0,1,0,0,0,0,0,0,0,0,0,0,0,0,0,1
hyperledger/.github,2023-08,0,2,0,0,0,0,0,0,0,0,0,0,0,0,0,2
hyperledger/.github,2024-03,0,2,0,0,0,0,0,0,0,0,0,0,0,0,0,2
hyperledger/.github,2024-11,2,1,1,0,1,0,0,0,0,0,0,0,0,0,0,5
hyperledger/aries-builder-images,2023-05,4,4,4,0,3,0,1,1,0,0,0,0,0,0,0,17
hyperledger/aries-builder-images,2023-08,1,1,0,0,1,0,1,0,0,0,0,0,0,0,0,4
hyperledger/aries-builder-images,2024-06,1,2,1,2,1,0,0,0,0,0,0,0,0,0,0,7
hyperledger/hyperledger.github.io,2017-10,3,1,2,0,0,0,0,1,0,1,0,0,0,0,0,8
hyperledger/hyperledger.github.io,2018-08,0,1,0,0,0,0,0,0,0,0,0,0,0,0,0,1
hyperledger/hyperledger.github.io,2020-02,0,1,0,0,0,0,0,0,0,0,0,0,0,0,0,1
hyperledger/hyperledger.github.io,2021-01,0,0,1,0,1,0,0,0,0,0,0,0,0,0,0,2
hyperledger/hyperledger.github.io,2022-05,0,1,0,0,0,0,0,0,0,0,0,0,0,0,0,1
hyperledger/hyperledger.github.io,2022-07,0,5,1,0,1,0,0,0,0,0,0,0,0,0,0,7
hyperledger/hyperledger.github.io,2023-03,0,1,0,0,0,0,0,0,0,0,0,0,0,0,0,1
hyperledger/hyperledger.github.io,2023-08,0,0,1,0,0,0,0,0,0,0,0,0,0,0,0,1
hyperledger/hyperledger.github.io,2023-10,0,1,0,0,0,0,0,0,0,0,0,0,0,0,0,1
hyperledger/hyperledger.github.io,2024-03,0,1,0,0,2,0,0,0,0,0,0,0,0,0,0,3
hyperledger/hyperledger.github.io,2024-10,0,1,0,0,0,0,0,1,0,0,0,0,0,0,0,2
hyperledger-caliper/governance,2024-10,4,5,3,0,2,0,0,0,0,0,0,0,0,0,0,14
hyperledger-caliper/governance,2024-11,2,2,1,0,1,0,0,0,0,0,0,0,0,0,0,6
hyperledger-caliper/governance,2025-01,2,1,1,0,1,0,0,0,0,0,0,0,0,0,0,5
hyperledger-caliper/governance,2025-11,1,0,0,0,1,0,0,0,0,0,0,0,0,0,0,2
hyperledger-cello/governance,2024-10,2,3,3,0,1,0,0,0,0,0,0,0,0,0,0,9
hyperledger-cello/governance,2024-11,2,2,0,0,1,0,0,0,0,0,0,0,0,0,0,5
hyperledger-cello/governance,2025-01,4,3,2,0,2,0,0,0,0,0,0,0,0,0,0,11
hyperledger-cello/governance,2025-06,1,1,0,0,0,0,0,0,0,0,0,0,0,0,0,2
hyperledger/cello-analytics,2019-02,0,0,0,0,0,0,0,0,0,1,0,0,0,0,0,1
hyperledger/cello-analytics,2019-10,4,2,0,0,0,0,0,2,0,0,0,0,0,0,0,8
hyperledger/cello-analytics,2019-12,4,1,0,2,0,0,0,2,0,0,0,0,0,0,0,9
hyperledger/cello-analytics,2020-01,1,0,0,0,0,0,0,1,0,0,0,0,0,0,0,2
hyperledger/cello-analytics,2021-01,0,0,1,0,1,0,0,0,0,0,0,0,0,0,0,2
hyperledger/cello-analytics,2022-01,2,1,1,0,1,0,0,0,0,0,0,0,0,0,0,5
hyperledger/fabric-lib-go,2019-02,0,0,0,0,0,0,0,0,0,1,0,0,0,0,0,1
hyperledger/fabric-lib-go,2019-11,2,0,0,0,0,0,0,1,0,0,0,0,0,0,0,3
hyperledger/fabric-lib-go,2019-12,0,0,0,1,0,0,0,0,0,0,0,0,0,0,0,1
hyperledger/fabric-lib-go,2020-01,2,0,0,0,0,0,0,1,0,0,0,0,0,0,0,3
hyperledger/fabric-lib-go,2020-03,1,0,0,0,0,0,0,1,0,0,0,0,0,0,0,2
hyperledger/fabric-lib-go,2020-04,2,1,0,0,0,0,0,0,0,0,0,0,0,0,0,3
hyperledger/fabric-lib-go,2022-06,3,0,2,0,1,0,0,0,0,0,0,0,0,0,0,6
hyperledger/fabric-lib-go,2022-07,1,2,0,0,1,0,0,0,0,0,0,0,0,0,0,4
hyperledger/fabric-lib-go,2022-11,2,0,0,1,0,0,0,0,0,0,0,0,0,0,0,3
hyperledger/fabric-lib-go,2024-08,0,0,0,0,0,0,1,0,0,0,0,0,0,0,0,1
PQCA/cbomkit,2025-05,5,2,2,11,3,1,0,1,0,0,0,0,0,0,0,25
PQCA/cbomkit,2025-06,0,0,0,0,1,0,0,0,0,0,0,0,0,0,0,1
hyperledger-web3j/governance,2024-10,3,3,6,0,4,0,0,0,0,0,0,0,0,0,0,16
hyperledger-web3j/governance,2024-11,1,2,1,0,1,0,0,0,0,0,0,0,0,0,0,5
hyperledger-web3j/governance,2025-03,1,1,1,1,0,0,0,0,0,0,0,0,0,0,0,4
hyperledger/bevel-samples,2023-02,1,1,3,0,1,0,0,0,0,0,0,0,0,0,0,6
hyperledger/bevel-samples,2023-03,3,3,0,0,3,0,0,0,0,0,0,0,0,0,0,9
hyperledger/bevel-samples,2023-08,4,2,2,0,2,0,0,0,0,0,0,0,0,0,0,10
hyperledger/iroha-java,2019-09,2,1,0,0,0,0,0,0,0,0,0,0,0,0,0,3
hyperledger/iroha-java,2020-12,0,0,0,0,0,0,1,0,0,0,0,0,0,0,0,1
hyperledger/iroha-java,2021-03,6,3,1,2,1,0,0,1,0,0,0,0,0,0,0,14
hyperledger/iroha-java,2021-06,0,0,1,0,0,0,0,0,0,0,0,0,0,0,0,1
hyperledger/iroha-java,2021-07,0,0,0,1,0,0,0,0,0,0,0,0,0,0,0,1
hyperledger/iroha-java,2023-07,2,2,0,0,0,1,0,0,0,0,0,0,0,0,0,5
hyperledger/quilt,2017-10,2,0,2,2,0,0,0,1,0,0,0,0,0,0,0,7
hyperledger/quilt,2019-09,1,0,0,0,0,0,2,0,0,0,0,0,0,0,0,3
hyperledger/quilt,2019-10,2,0,0,0,0,0,0,1,0,0,0,0,0,0,0,3
hyperledger/quilt,2020-09,0,0,0,1,4,0,0,0,0,0,0,0,0,0,0,5
hyperledger/quilt,2021-06,0,0,1,2,1,0,1,0,0,0,0,0,0,0,0,5
hyperledger/quilt,2022-05,2,0,0,0,0,0,0,0,0,0,0,0,0,0,0,2
LFDT-Smoot/governance,2025-03,2,5,3,0,1,0,0,0,0,0,0,0,0,0,0,11
LFDT-Smoot/governance,2025-04,2,2,1,0,1,0,0,0,0,0,0,0,0,0,0,6
LFDT-Smoot/governance,2025-05,1,1,0,2,0,0,0,0,0,0,0,0,0,0,0,4
LFDT-Smoot/governance,2025-09,0,0,1,0,1,0,0,0,0,0,0,0,0,0,0,2
LFDT-Smoot/governance,2025-11,0,0,0,0,1,0,0,0,0,0,0,0,0,0,0,1
hyperledger/aries-sdk-javascript,2019-06,0,0,2,0,0,0,0,0,0,0,0,0,0,0,0,2
hyperledger/aries-sdk-javascript,2019-09,7,3,0,6,0,0,0,0,0,0,0,0,0,0,0,16
hyperledger/aries-sdk-javascript,2019-11,0,0,0,1,0,0,0,0,0,0,0,0,0,0,0,1
hyperledger/aries-sdk-javascript,2019-12,0,0,0,0,0,0,0,1,0,0,0,0,0,0,0,1
hyperledger/aries-sdk-javascript,2021-01,0,0,1,0,1,0,0,0,0,0,0,0,0,0,0,2
hyperledger/aries-sdk-javascript,2022-01,1,0,0,0,0,0,0,1,0,0,0,0,0,0,0,2
hyperledger/fabric-chaintool,2019-02,0,0,0,0,0,0,0,0,0,1,0,0,0,0,0,1
hyperledger/fabric-chaintool,2019-12,4,2,0,1,0,0,0,1,0,0,0,0,0,0,0,8
hyperledger/fabric-chaintool,2020-01,2,0,0,0,0,0,0,2,0,0,0,0,0,0,0,4
hyperledger/fabric-chaintool,2020-03,2,1,0,0,0,0,0,1,0,0,0,0,0,0,0,4
hyperledger/fabric-chaintool,2020-04,2,1,0,0,0,0,0,0,0,0,0,0,0,0,0,3
hyperledger/fabric-chaintool,2020-05,0,1,0,0,0,0,0,1,0,0,0,0,0,0,0,2
hyperledger/fabric-chaintool,2021-02,1,0,0,0,0,0,0,1,0,0,0,0,0,0,0,2
hyperledger/fabric-contract-api-go,2019-11,3,1,2,1,0,0,0,2,0,0,0,0,0,0,0,9
hyperledger/fabric-contract-api-go,2020-01,1,0,0,0,0,0,0,1,0,0,0,0,0,0,0,2
hyperledger/fabric-contract-api-go,2020-04,4,1,0,0,0,0,0,1,0,0,0,0,0,0,0,6
hyperledger/fabric-contract-api-go,2022-07,2,1,2,1,1,0,0,0,0,0,0,0,0,0,0,7
hyperledger/sawtooth-core,2016-05,0,0,3,0,0,0,0,0,0,0,0,0,0,0,0,3
hyperledger/sawtooth-core,2017-10,2,0,0,0,0,0,0,1,0,0,0,0,0,0,0,3
hyperledger/sawtooth-core,2018-01,0,0,0,0,0,0,0,1,0,0,0,0,0,0,0,1
hyperledger/sawtooth-core,2018-04,0,0,0,1,0,0,0,0,0,0,0,0,0,0,0,1
hyperledger/sawtooth-core,2018-05,1,1,0,0,0,0,0,0,0,0,0,0,0,0,0,2
hyperledger/sawtooth-core,2018-06,1,1,0,0,0,0,0,0,0,0,0,0,0,0,0,2
hyperledger/sawtooth-core,2019-05,0,0,0,1,0,0,0,0,0,0,0,0,0,0,0,1
hyperledger/sawtooth-core,2019-09,1,0,0,0,0,0,0,1,1,0,0,0,0,0,0,3
hyperledger/sawtooth-core,2024-01,1,0,1,0,0,0,0,0,0,0,0,0,0,0,0,2
hyperledger/sawtooth-core,2024-02,1,2,0,2,1,0,0,0,0,0,0,0,0,0,0,6
hyperledger/aries-acapy-plugin-toolbox,2019-11,2,0,0,0,0,0,0,1,0,0,0,0,0,0,0,3
hyperledger/aries-acapy-plugin-toolbox,2020-06,1,0,0,0,0,0,0,1,0,0,0,0,0,0,0,2
hyperledger/aries-acapy-plugin-toolbox,2021-02,2,1,2,1,2,0,1,0,0,0,0,0,0,0,0,9
hyperledger/aries-acapy-plugin-toolbox,2021-09,1,0,1,0,0,0,0,0,0,0,0,0,0,0,0,2
hyperledger/aries-acapy-plugin-toolbox,2021-10,1,1,0,0,1,0,0,0,0,0,0,0,0,0,0,3
hyperledger/aries-acapy-plugin-toolbox,2023-09,1,2,0,0,1,0,0,0,0,0,0,0,0,0,0,4
openwallet-foundation-labs/wallet-framework-dotnet,2023-10,5,3,1,0,3,0,0,0,0,0,0,0,0,0,0,12
openwallet-foundation-labs/wallet-framework-dotnet,2024-01,0,0,0,1,0,1,0,0,0,0,0,0,0,0,0,2
openwallet-foundation-labs/wallet-framework-dotnet,2024-02,0,0,0,5,0,0,0,0,0,0,0,0,0,0,0,5
openwallet-foundation-labs/wallet-framework-dotnet,2024-09,0,0,0,0,0,1,0,0,0,0,0,0,0,0,0,1
openwallet-foundation-labs/wallet-framework-dotnet,2024-10,1,1,0,0,1,0,0,0,0,0,0,0,0,0,0,3
Hyperledger-TWGC/tape,2022-07,0,0,0,1,0,0,0,0,0,0,0,0,0,0,0,1
Hyperledger-TWGC/tape,2023-04,0,0,0,1,0,0,0,0,0,0,0,0,0,0,0,1
Hyperledger-TWGC/tape,2023-12,0,0,0,2,0,0,0,0,0,0,0,0,0,0,0,2
Hyperledger-TWGC/tape,2024-01,2,2,0,3,1,0,0,0,0,0,0,0,0,0,0,8
Hyperledger-TWGC/tape,2025-03,4,0,0,1,0,0,0,0,0,0,0,0,0,0,0,5
Hyperledger-TWGC/tape,2025-06,0,0,0,0,0,1,0,0,0,0,0,0,0,0,0,1
Hyperledger-TWGC/tape,2025-07,0,0,0,0,0,1,0,0,0,0,0,0,0,0,0,1
Hyperledger-TWGC/tape,2025-09,0,1,0,0,1,0,0,0,0,0,0,0,0,0,0,2
Hyperledger-TWGC/tape,2025-11,0,0,0,1,0,0,0,0,0,0,0,0,0,0,0,1
hiero-ledger/hiero-sdk-js,2025-04,4,4,4,0,0,0,0,0,0,0,0,0,0,0,0,12
hiero-ledger/hiero-sdk-js,2025-05,2,2,2,0,0,0,0,0,0,0,0,0,0,0,0,6
hiero-ledger/hiero-sdk-js,2025-06,0,1,1,0,0,0,0,0,0,0,0,0,0,0,0,2
hiero-ledger/hiero-sdk-js,2025-07,0,0,0,0,0,1,0,0,1,0,0,0,0,0,0,2
hyperledger-bevel/governance,2024-10,4,3,3,0,2,0,0,0,0,0,0,0,0,0,0,12
hyperledger-bevel/governance,2024-11,1,1,0,0,0,1,0,0,0,0,0,0,0,0,0,3
hyperledger-bevel/governance,2025-01,2,0,1,0,0,0,0,0,0,0,0,0,0,0,0,3
hyperledger-bevel/governance,2025-08,1,1,1,0,1,0,0,0,0,0,0,0,0,0,0,4
hyperledger-labs/harmonia,2023-06,3,6,0,1,7,0,0,0,0,0,0,0,0,0,0,17
hyperledger-labs/harmonia,2023-08,1,1,2,0,1,0,0,0,0,0,0,0,0,0,0,5
hyperledger/solang-llvm,2023-02,2,2,3,0,1,0,0,0,0,0,0,0,0,0,0,8
hyperledger/solang-llvm,2023-04,6,2,2,0,2,0,0,0,0,0,0,0,0,0,0,12
hyperledger/solang-llvm,2024-04,1,0,0,0,0,0,0,1,0,0,0,0,0,0,0,2
open-quantum-safe/liboqs-ry,2024-05,0,19,1,0,0,0,0,0,0,2,0,0,0,0,0,22
open-quantum-safe/oqs-provider,2024-03,1,0,1,0,1,0,0,0,0,0,0,0,0,0,0,3
open-quantum-safe/oqs-provider,2024-07,0,0,0,3,0,0,0,0,0,0,0,0,0,0,0,3
open-quantum-safe/oqs-provider,2024-08,0,0,0,3,1,1,0,0,1,0,0,0,0,0,0,6
open-quantum-safe/oqs-provider,2024-10,0,0,0,0,1,0,0,0,0,0,0,0,0,0,0,1
open-quantum-safe/oqs-provider,2024-12,0,0,0,3,0,0,0,0,0,0,0,0,0,0,0,3
open-quantum-safe/oqs-provider,2025-01,1,0,1,1,0,0,1,0,0,0,0,0,0,0,0,4
open-quantum-safe/oqs-provider,2025-06,1,0,0,0,0,0,0,0,0,0,0,0,0,0,0,1
open-quantum-safe/oqs-provider,2025-10,0,0,0,1,0,0,0,0,0,0,0,0,0,0,0,1
openwallet-foundation/bifold-wallet,2025-01,3,2,3,0,0,0,0,0,0,0,0,0,0,0,0,8
openwallet-foundation/bifold-wallet,2025-04,3,1,1,7,2,0,0,0,0,0,0,0,0,0,0,14
hyperledger-archives/fabric,2017-10,18,0,0,0,0,0,0,0,0,0,0,0,0,0,0,18
hyperledger-archives/fabric,2018-03,2,0,0,1,0,0,0,0,0,0,0,0,0,0,0,3
hyperledger/aries-askar,2021-02,1,1,0,0,0,0,0,0,0,0,0,0,0,0,0,2
hyperledger/aries-askar,2021-09,0,2,0,0,0,0,0,0,0,0,0,0,0,0,0,2
hyperledger/aries-askar,2023-01,0,0,0,1,0,0,0,0,0,0,0,0,0,0,0,1
hyperledger/aries-askar,2023-03,0,0,0,0,0,0,1,0,0,0,0,0,0,0,0,1
hyperledger/aries-askar,2023-06,2,1,1,0,1,0,0,0,0,0,0,0,0,0,0,5
hyperledger/aries-askar,2024-06,0,0,0,8,0,0,0,0,0,0,0,0,0,0,0,8
hyperledger/aries-askar,2024-10,0,0,0,2,0,0,0,0,0,0,0,0,0,0,0,2
hyperledger/aries-toolbox,2019-11,2,0,0,0,0,0,0,1,0,0,0,0,0,0,0,3
hyperledger/aries-toolbox,2019-12,1,0,0,0,0,0,1,1,0,0,0,0,0,0,0,3
hyperledger/aries-toolbox,2020-01,2,2,0,1,0,0,1,0,0,0,0,0,0,0,0,6
hyperledger/aries-toolbox,2020-03,2,1,0,0,0,0,0,1,0,0,0,0,0,0,0,4
hyperledger/aries-toolbox,2023-09,1,2,0,1,1,0,0,0,0,0,0,0,0,0,0,5
hyperledger/fabric-cli,2019-02,0,0,0,0,0,0,0,0,0,1,0,0,0,0,0,1
hyperledger/fabric-cli,2019-12,2,0,0,1,0,0,0,1,0,0,0,0,0,0,0,4
hyperledger/fabric-cli,2020-01,1,0,0,0,0,0,0,1,0,0,0,0,0,0,0,2
hyperledger/fabric-cli,2020-04,1,0,0,0,0,0,0,0,0,0,0,0,0,0,0,1
hyperledger/fabric-cli,2020-08,3,3,0,0,0,0,0,0,0,0,0,0,0,0,0,6
hyperledger/fabric-cli,2021-02,1,1,1,0,1,1,0,0,0,0,0,0,0,0,0,5
hyperledger/fabric-cli,2023-10,1,0,1,0,0,0,0,0,0,0,0,0,0,0,0,2
hyperledger/indy-crypto,2019-09,2,1,0,0,0,0,0,0,0,0,0,0,0,0,0,3
hyperledger/indy-crypto,2019-10,3,9,0,0,2,0,0,0,0,0,0,0,0,0,0,14
hyperledger/indy-crypto,2020-05,1,0,0,0,0,0,0,1,0,0,0,0,0,0,0,2
hyperledger/indy-crypto,2020-06,1,1,0,0,0,0,0,0,0,0,0,0,0,0,0,2
hyperledger/ursa-rfcs,2020-02,2,1,0,0,0,0,1,1,0,0,0,0,0,0,0,5
hyperledger/ursa-rfcs,2020-05,1,0,0,1,0,0,0,1,0,0,0,0,0,0,0,3
hyperledger/ursa-rfcs,2020-06,1,1,0,0,0,0,0,0,0,0,0,0,0,0,0,2
hyperledger/ursa-rfcs,2021-01,0,0,1,1,1,0,1,0,0,0,0,0,0,0,0,4
hyperledger/ursa-rfcs,2022-04,1,0,1,0,0,0,0,0,0,0,0,0,0,0,0,2
hyperledger/ursa-rfcs,2023-04,2,2,1,0,0,0,0,0,0,0,0,0,0,0,0,5
openwallet-foundation/acapy,2024-10,0,0,0,3,0,0,0,0,0,0,0,0,0,0,0,3
openwallet-foundation/acapy,2024-12,3,0,3,6,1,0,0,0,0,0,0,0,0,0,0,13
openwallet-foundation/acapy,2025-03,1,0,1,0,0,0,0,0,0,0,0,0,0,0,0,2
openwallet-foundation/acapy,2025-06,0,0,0,3,0,0,0,0,0,0,0,0,0,0,0,3
hyperledger-cacti/cacti,2024-10,1,1,1,1,1,0,0,0,0,0,0,0,0,0,0,5
hyperledger-cacti/cacti,2025-01,2,1,1,1,1,0,0,0,0,0,0,0,0,0,0,6
hyperledger-cacti/cacti,2025-02,1,1,0,0,0,0,0,0,0,0,0,0,0,0,0,2
hyperledger-cacti/cacti,2025-05,0,1,0,0,0,0,0,0,0,0,0,0,0,0,0,1
hyperledger-cacti/cacti,2025-07,1,1,0,0,0,0,0,0,0,0,0,0,0,0,0,2
hyperledger-cacti/cacti,2025-09,1,3,0,0,0,0,0,0,0,0,0,0,0,0,0,4
hyperledger-firefly/governance,2024-10,0,0,2,0,0,0,0,0,0,0,0,0,0,0,0,2
hyperledger-firefly/governance,2024-11,1,2,1,0,0,0,0,0,0,0,0,0,0,0,0,4
hyperledger-firefly/governance,2025-01,2,5,2,0,3,0,0,0,0,0,0,0,0,0,0,12
hyperledger-firefly/governance,2025-09,0,1,0,0,0,0,0,0,0,0,0,0,0,0,0,1
hyperledger-firefly/governance,2025-11,0,0,1,0,0,0,0,0,0,0,0,0,0,0,0,1
hyperledger-labs/convector,2019-06,1,1,0,0,0,0,0,0,0,0,0,0,0,0,0,2
hyperledger-labs/convector,2021-06,7,1,3,0,3,0,0,0,0,0,0,0,0,0,0,14
hyperledger-labs/convector,2022-04,2,1,1,0,0,0,0,0,0,0,0,0,0,0,0,4
hyperledger/avalon,2019-09,1,1,0,0,0,0,0,0,0,0,0,0,0,0,0,2
hyperledger/avalon,2020-03,0,0,0,1,0,0,0,0,0,0,0,0,0,0,0,1
hyperledger/avalon,2020-04,1,1,0,0,0,0,0,0,0,0,0,0,0,0,0,2
hyperledger/avalon,2020-05,1,0,2,0,1,0,0,1,0,0,0,0,0,0,0,5
hyperledger/avalon,2021-04,0,0,0,0,2,0,0,0,0,0,0,0,0,0,0,2
hyperledger/avalon,2021-06,0,0,1,0,1,0,2,0,0,0,0,0,0,0,0,4
hyperledger/avalon,2022-01,1,2,0,0,0,0,0,1,0,0,0,0,0,0,0,4
hyperledger/fabric-amcl,2018-02,0,0,2,0,0,0,0,0,0,1,0,0,0,0,0,3
hyperledger/fabric-amcl,2019-02,0,0,0,0,0,0,0,0,0,1,0,0,0,0,0,1
hyperledger/fabric-amcl,2020-01,2,0,0,0,0,0,0,1,0,0,0,0,0,0,0,3
hyperledger/fabric-amcl,2020-04,2,1,0,0,0,0,0,0,0,0,0,0,0,0,0,3
hyperledger/fabric-amcl,2022-04,2,1,1,0,1,0,0,0,0,0,0,0,0,0,0,5
hyperledger/fabric-amcl,2022-06,1,0,1,0,0,0,0,0,0,0,0,0,0,0,0,2
hyperledger/fabric-amcl,2022-11,0,0,0,2,0,0,0,0,0,0,0,0,0,0,0,2
hyperledger/fabric-amcl,2023-01,0,0,0,0,1,0,0,0,0,0,0,0,0,0,0,1
hyperledger/transact-rfcs,2019-05,2,0,2,0,0,0,0,1,0,0,0,0,0,0,0,5
hyperledger/transact-rfcs,2019-06,1,0,1,1,0,0,0,1,0,0,0,0,0,0,0,4
hyperledger/transact-rfcs,2019-09,2,0,0,0,0,0,0,0,0,0,0,0,0,0,0,2
hyperledger/transact-rfcs,2021-01,0,0,1,0,1,0,0,0,0,0,0,0,0,0,0,2
hyperledger/transact-rfcs,2022-06,1,0,1,0,0,0,0,0,0,0,0,0,0,0,0,2
hyperledger/transact-rfcs,2023-01,0,0,0,0,1,0,0,0,0,0,0,0,0,0,0,1
hyperledger/transact-rfcs,2023-04,1,0,1,0,0,0,0,0,0,0,0,0,0,0,0,2
hyperledger/transact-rfcs,2023-05,0,1,0,0,1,0,0,0,0,0,0,0,0,0,0,2
hiero-ledger/tsc-eligibility-check,2025-04,1,0,1,0,0,1,0,0,0,0,0,0,0,0,0,3
hiero-ledger/tsc-eligibility-check,2025-05,2,3,0,0,2,7,0,0,1,0,0,0,0,0,0,15
hiero-ledger/tsc-eligibility-check,2025-06,0,0,0,0,0,1,0,0,0,0,0,0,0,0,0,1
hyperledger/iroha-tui-client,2020-03,2,0,0,0,0,0,0,1,0,0,0,0,0,0,0,3
hyperledger/iroha-tui-client,2021-01,0,0,1,0,1,0,0,0,0,0,0,0,0,0,0,2
hyperledger/iroha-tui-client,2021-03,7,4,1,0,1,0,0,1,0,0,0,0,0,0,0,14
LFDT-Nightstream/Nightstream,2025-12,0,0,0,0,0,0,0,0,0,18,0,0,0,0,0,18
hyperledger-labs/blockchain-explorer,2022-12,0,1,0,0,0,0,0,0,0,0,0,0,0,0,0,1
hyperledger-labs/blockchain-explorer,2023-03,0,0,0,1,0,0,0,0,0,0,0,0,0,0,0,1
hyperledger-labs/blockchain-explorer,2023-07,2,3,1,1,1,1,0,0,1,0,0,0,0,0,0,10
hyperledger-labs/blockchain-explorer,2023-08,2,2,0,1,0,1,0,0,0,0,0,0,0,0,0,6
hyperledger-labs/fabric-block-archiving,2019-10,4,2,2,0,0,0,0,1,0,0,0,0,0,0,0,9
hyperledger-labs/fabric-block-archiving,2019-12,1,0,0,0,0,0,0,1,0,0,0,0,0,0,0,2
hyperledger-labs/fabric-block-archiving,2020-03,0,0,0,0,2,0,0,0,0,0,0,0,0,0,0,2
hyperledger-labs/fabric-block-archiving,2021-01,0,0,1,0,0,0,0,0,0,0,0,0,0,0,0,1
hyperledger-labs/fabric-block-archiving,2022-04,2,1,1,0,0,0,0,0,0,0,0,0,0,0,0,4
hyperledger/aries-framework-go,2019-07,3,1,0,0,0,0,0,1,0,0,0,0,0,0,0,5
hyperledger/aries-framework-go,2019-09,3,0,0,1,0,0,0,0,0,0,0,0,0,0,0,4
hyperledger/aries-framework-go,2019-12,2,0,0,0,0,0,0,1,0,0,0,0,0,0,0,3
hyperledger/aries-framework-go,2021-01,1,1,0,0,0,1,0,0,0,0,0,0,0,0,0,3
hyperledger/aries-framework-go,2021-02,1,0,0,0,0,0,0,1,0,0,0,0,0,0,0,2
hyperledger/aries-framework-go,2024-03,0,1,0,0,0,0,0,0,0,0,0,0,0,0,0,1
hyperledger/chat-assets,2019-12,0,4,2,0,0,0,0,0,0,0,0,0,0,0,0,6
hyperledger/chat-assets,2020-04,0,4,0,0,0,0,0,0,0,0,0,0,0,0,0,4
hyperledger/chat-assets,2020-05,0,0,0,0,0,0,0,1,0,0,0,0,0,0,0,1
hyperledger/chat-assets,2020-10,0,3,0,0,0,0,0,0,0,0,0,0,0,0,0,3
hyperledger/chat-assets,2021-01,0,0,1,0,1,0,0,0,0,0,0,0,0,0,0,2
hyperledger/chat-assets,2022-01,0,1,0,0,0,0,0,0,0,0,0,0,0,0,1,2
hyperledger/sawtooth-supply-chain,2017-10,2,0,0,0,0,0,0,1,0,0,0,0,0,0,0,3
hyperledger/sawtooth-supply-chain,2018-08,3,1,1,3,0,0,0,1,0,0,0,0,0,0,0,9
hyperledger/sawtooth-supply-chain,2019-09,1,0,0,0,0,0,0,0,0,0,0,0,0,0,0,1
hyperledger/sawtooth-supply-chain,2020-06,1,0,0,3,0,0,0,1,0,0,0,0,0,0,0,5
hyperledger-indy/governance,2025-01,2,2,3,0,1,0,0,0,0,0,0,0,0,0,0,8
hyperledger-indy/governance,2025-11,0,1,0,0,1,1,0,0,0,0,0,0,0,0,0,3
hyperledger-indy/governance,2025-12,1,1,1,0,1,0,0,0,0,0,0,0,0,0,0,4
hyperledger-indy/governance,2026-02,0,1,0,0,0,1,0,0,0,0,0,0,0,0,0,2
hyperledger/indy-did-method,2020-09,2,0,2,0,0,0,0,1,0,0,0,0,0,0,0,5
hyperledger/indy-did-method,2021-02,0,0,1,0,1,0,0,0,0,0,0,0,0,0,0,2
hyperledger/indy-did-method,2021-09,0,3,0,0,0,1,0,0,1,0,0,0,0,0,0,5
hyperledger/indy-did-method,2022-11,1,0,1,0,1,0,0,0,0,0,0,0,0,0,0,3
hyperledger/indy-did-method,2025-12,0,0,1,0,0,0,0,0,0,1,0,0,0,0,0,2
hyperledger/iroha-dotnet,2017-10,4,0,0,0,0,0,0,2,0,0,0,0,0,0,0,6
hyperledger/iroha-dotnet,2019-06,2,0,0,0,0,0,0,1,0,0,0,0,0,0,0,3
hyperledger/iroha-dotnet,2019-09,2,1,0,0,0,0,0,0,0,0,0,0,0,0,0,3
hyperledger/iroha-dotnet,2019-12,0,0,0,0,0,0,0,1,0,0,0,0,0,0,0,1
hyperledger/iroha-dotnet,2020-06,2,1,0,0,0,0,0,1,0,0,0,0,0,0,0,4
hyperledger/sawtooth-contrib,2020-03,2,0,0,0,0,0,0,1,0,0,0,0,0,0,0,3
hyperledger/sawtooth-contrib,2020-06,3,0,0,1,0,0,0,1,0,0,0,0,0,0,0,5
hyperledger/sawtooth-contrib,2021-03,0,0,0,1,0,0,0,0,0,0,0,0,0,0,0,1
hyperledger/sawtooth-contrib,2024-01,1,0,1,0,0,0,0,0,0,0,0,0,0,0,0,2
hyperledger/sawtooth-contrib,2024-02,1,2,0,2,1,0,0,0,0,0,0,0,0,0,0,6
hyperledger/sawtooth-raft,2018-08,5,2,1,0,0,0,0,2,0,0,0,0,0,0,0,10
hyperledger/sawtooth-raft,2019-09,1,0,0,0,0,0,0,0,0,0,0,0,0,0,0,1
hyperledger/sawtooth-raft,2020-06,1,0,0,0,0,0,0,1,0,0,0,0,0,0,0,2
hyperledger/sawtooth-raft,2021-03,0,0,0,1,0,0,0,0,0,0,0,0,0,0,0,1
hyperledger/sawtooth-raft,2022-01,1,0,0,1,0,0,0,1,0,0,0,0,0,0,0,3
hyperledger/sawtooth-sdk-javascript,2018-03,2,0,1,0,0,0,0,1,0,0,0,0,0,0,0,4
hyperledger/sawtooth-sdk-javascript,2018-07,3,1,0,1,0,0,0,0,0,0,0,0,0,0,0,5
hyperledger/sawtooth-sdk-javascript,2019-09,1,0,0,0,0,0,0,0,0,0,0,0,0,0,0,1
hyperledger/sawtooth-sdk-javascript,2024-01,1,0,1,0,0,0,0,0,0,0,0,0,0,0,0,2
hyperledger/sawtooth-sdk-javascript,2024-02,1,2,0,2,0,0,0,0,0,0,0,0,0,0,0,5
hyperledger/transact,2019-05,2,0,2,0,0,0,0,1,0,0,0,0,0,0,0,5
hyperledger/transact,2019-06,2,0,2,0,1,0,0,0,0,0,0,0,0,0,0,5
hyperledger/transact,2019-08,0,0,0,0,0,0,0,0,1,0,0,0,0,0,0,1
hyperledger/transact,2019-09,2,0,0,0,0,0,0,0,0,0,0,0,0,0,0,2
hyperledger/transact,2023-04,1,0,0,0,0,0,0,0,0,0,0,0,0,0,0,1
hyperledger/transact,2023-05,1,0,0,0,0,0,0,0,0,0,0,0,0,0,0,1
hyperledger/transact,2024-01,1,1,0,0,0,0,0,0,0,0,0,0,0,0,0,2
hyperledger/transact-contrib,2019-05,2,0,2,0,0,0,0,1,0,0,0,0,0,0,0,5
hyperledger/transact-contrib,2019-06,2,1,1,0,0,0,0,1,0,0,0,0,0,0,0,5
hyperledger/transact-contrib,2019-09,2,0,0,0,0,0,0,0,0,0,0,0,0,0,0,2
hyperledger/transact-contrib,2021-01,0,0,1,0,1,0,0,0,0,0,0,0,0,0,0,2
hyperledger/transact-contrib,2023-04,0,0,1,0,0,0,0,0,0,0,0,0,0,0,0,1
hyperledger/transact-contrib,2023-05,0,1,0,0,1,0,0,0,0,0,0,0,0,0,0,2
openwallet-foundation-labs/sd-jwt-python,2023-10,2,7,4,1,2,0,1,0,0,0,0,0,0,0,0,17
openwallet-foundation/agent-framework-javascript,2023-11,4,4,2,0,1,0,0,0,0,0,0,0,0,0,0,11
openwallet-foundation/agent-framework-javascript,2024-01,2,3,1,0,0,0,0,0,0,0,0,0,0,0,0,6
pq-code-package/pq-code-package-hackathon,2024-03,3,3,3,4,1,0,3,0,0,0,0,0,0,0,0,17
Hyperledger-India/hyperledger-challenge,2022-01,0,1,0,0,0,0,0,0,0,0,0,0,0,0,0,1
Hyperledger-India/hyperledger-challenge,2022-02,2,1,1,0,1,0,0,0,0,0,0,0,0,0,0,5
Hyperledger-India/hyperledger-challenge,2022-03,4,3,1,0,1,0,0,1,0,0,0,0,0,0,0,10
besu-eth/wiki,2025-09,0,2,2,0,0,0,0,0,0,0,1,0,0,0,0,5
besu-eth/wiki,2025-10,0,0,0,0,0,0,0,0,0,0,11,0,0,0,0,11
hyperledger-labs/TrustID,2020-06,2,4,2,0,0,0,0,1,0,0,0,0,0,0,0,9
hyperledger-labs/TrustID,2021-07,0,0,1,0,0,0,0,0,0,0,0,0,0,0,0,1
hyperledger-labs/TrustID,2021-08,1,1,0,0,2,0,0,0,0,0,0,0,0,0,0,4
hyperledger-labs/TrustID,2022-01,1,0,0,0,0,0,0,1,0,0,0,0,0,0,0,2
hyperledger-labs/minbft,2018-08,0,0,0,1,0,0,1,0,0,0,0,0,0,0,0,2
hyperledger-labs/minbft,2021-08,0,0,0,0,1,0,0,0,0,0,0,0,0,0,0,1
hyperledger-labs/minbft,2021-12,4,0,2,0,2,0,0,0,0,0,0,0,0,0,0,8
hyperledger-labs/minbft,2023-09,2,0,0,0,1,0,0,0,0,0,0,0,0,0,0,3
hyperledger-labs/minbft,2023-11,2,0,0,0,0,0,0,0,0,0,0,0,0,0,0,2
hyperledger/aries,2019-05,2,1,0,0,0,0,0,1,0,0,0,0,0,0,0,4
hyperledger/aries,2019-09,2,1,0,0,0,0,0,0,0,0,0,0,0,0,0,3
hyperledger/aries,2021-06,0,0,1,0,0,0,0,0,0,0,0,0,0,0,0,1
hyperledger/aries,2023-09,3,0,0,0,0,0,0,0,0,0,0,0,0,0,0,3
hyperledger/aries,2025-01,2,2,1,0,0,0,0,0,0,0,0,0,0,0,0,5
hyperledger/fabric-baseimage,2018-03,1,0,0,0,0,0,0,0,0,0,0,0,0,0,0,1
hyperledger/fabric-baseimage,2019-02,0,0,0,0,0,0,0,0,0,1,0,0,0,0,0,1
hyperledger/fabric-baseimage,2019-11,3,0,0,0,0,0,0,2,0,0,0,0,0,0,0,5
hyperledger/fabric-baseimage,2020-01,1,0,0,0,0,0,0,1,0,0,0,0,0,0,0,2
hyperledger/fabric-baseimage,2020-04,1,0,0,0,0,0,0,0,0,0,0,0,0,0,0,1
hyperledger/fabric-baseimage,2021-02,1,0,0,0,0,0,0,1,0,0,0,0,0,0,0,2
hyperledger/fabric-baseimage,2021-03,0,0,0,1,1,0,0,0,0,0,0,0,0,0,0,2
hyperledger/fabric-baseimage,2021-04,0,0,0,1,0,0,0,0,0,0,0,0,0,0,0,1
hyperledger/fabric-baseimage,2021-07,0,0,0,1,0,0,0,0,0,0,0,0,0,0,0,1
hyperledger/fabric-chaincode-evm,2017-11,0,0,2,0,0,0,0,0,0,1,0,0,0,0,0,3
hyperledger/fabric-chaincode-evm,2019-02,0,0,0,0,0,0,0,0,0,1,0,0,0,0,0,1
hyperledger/fabric-chaincode-evm,2019-09,1,0,0,0,0,0,0,1,0,0,0,0,0,0,0,2
hyperledger/fabric-chaincode-evm,2020-01,1,0,0,3,0,0,0,1,1,0,0,0,0,0,0,6
hyperledger/fabric-chaincode-evm,2020-04,1,0,0,1,0,0,0,0,0,0,0,0,0,0,0,2
hyperledger/fabric-chaincode-evm,2021-01,0,0,1,0,1,0,0,0,0,0,0,0,0,0,0,2
hyperledger/fabric-config,2020-04,7,5,2,0,0,0,0,2,0,0,0,0,0,0,0,16
hyperledger/iroha-ed25519,2018-02,2,0,0,0,0,0,0,1,0,0,0,0,0,0,0,3
hyperledger/iroha-ed25519,2019-06,2,0,0,0,0,0,0,1,0,0,0,0,0,0,0,3
hyperledger/iroha-ed25519,2019-09,2,1,0,0,0,0,0,0,0,0,0,0,0,0,0,3
hyperledger/iroha-ed25519,2020-06,2,0,0,0,0,0,0,1,0,0,0,0,0,0,0,3
hyperledger/iroha-ed25519,2021-06,0,0,1,0,0,0,0,0,0,0,0,0,0,0,0,1
hyperledger/iroha-ed25519,2022-01,2,0,0,0,0,0,0,1,0,0,0,0,0,0,0,3
hyperledger/iroha-javascript,2017-10,4,0,0,0,0,0,0,2,0,0,0,0,0,0,0,6
hyperledger/iroha-javascript,2019-06,2,0,0,0,0,0,0,1,0,0,0,0,0,0,0,3
hyperledger/iroha-javascript,2019-09,2,1,0,0,0,0,0,0,0,0,0,0,0,0,0,3
hyperledger/iroha-javascript,2020-01,1,0,0,0,0,0,0,1,0,0,0,0,0,0,0,2
hyperledger/iroha-javascript,2021-08,0,0,1,0,0,0,0,0,0,0,0,0,0,0,0,1
hyperledger/iroha-javascript,2023-04,0,1,0,0,0,0,0,0,0,0,0,0,0,0,0,1
hyperledger/sawtooth-rfcs,2018-02,1,0,2,0,0,0,0,1,0,0,0,0,0,0,0,4
hyperledger/sawtooth-rfcs,2018-03,2,0,0,1,0,0,0,1,0,0,0,0,0,0,0,4
hyperledger/sawtooth-rfcs,2024-01,1,0,1,0,0,0,0,0,0,0,0,0,0,0,0,2
hyperledger/sawtooth-rfcs,2024-02,2,2,0,2,0,0,0,0,0,0,0,0,0,0,0,6
hyperledger/smart-contracts-wg,2019-11,4,2,2,1,0,0,0,2,0,0,0,0,0,0,0,11
hyperledger/smart-contracts-wg,2019-12,1,1,0,0,0,0,0,0,0,0,0,0,0,0,0,2
hyperledger/smart-contracts-wg,2020-11,0,0,0,0,1,0,0,0,0,0,0,0,0,0,0,1
hyperledger/smart-contracts-wg,2021-01,0,0,1,0,1,0,0,0,0,0,0,0,0,0,0,2
LFDT-Besu/governance,2024-09,4,6,3,0,2,0,0,0,0,0,0,0,0,0,0,15
hyperledger-labs/nft-auction,2022-03,6,5,1,0,2,0,0,1,0,0,0,0,0,0,0,15
hyperledger/besu-permissioning-smart-contracts,2019-09,6,4,2,1,0,0,0,0,0,0,0,0,0,0,0,13
hyperledger/besu-permissioning-smart-contracts,2021-01,0,0,1,0,1,0,0,0,0,0,0,0,0,0,0,2
hyperledger/grid,2019-01,2,0,2,0,0,0,0,1,0,0,0,0,0,0,0,5
hyperledger/grid,2019-09,1,0,0,0,0,0,0,0,0,0,0,0,0,0,0,1
hyperledger/grid,2021-03,2,0,0,0,0,1,0,1,1,0,0,0,0,0,0,5
hyperledger/grid,2023-03,1,2,1,0,0,0,0,0,0,0,0,0,0,0,0,4
hyperledger/hyperledgerwp,2017-09,0,0,0,1,0,0,0,0,0,0,0,0,0,0,0,1
hyperledger/hyperledgerwp,2017-10,2,2,0,1,0,0,0,2,0,0,0,0,0,0,0,7
hyperledger/hyperledgerwp,2018-08,6,1,0,0,0,0,0,0,0,0,0,0,0,0,0,7
pq-code-package/documentation,2024-03,2,8,3,0,2,0,0,0,0,0,0,0,0,0,0,15
hiero-ledger/hiero-sdk-python,2025-01,3,4,1,1,2,2,0,0,0,0,0,0,0,0,0,13
hiero-ledger/hiero-sdk-python,2025-02,0,1,0,0,0,0,0,0,0,0,0,0,0,0,0,1
hyperledger-caliper/caliper,2025-09,1,0,0,0,0,1,0,0,1,0,0,0,0,0,0,3
hyperledger-caliper/caliper,2025-10,4,5,2,0,0,0,0,0,0,0,0,0,0,0,0,11
hyperledger-labs/fabric-topologies,2022-11,4,4,3,0,2,0,0,0,0,0,0,0,0,0,0,13
hyperledger-labs/fabric-topologies,2023-11,1,0,0,0,0,0,0,0,0,0,0,0,0,0,0,1
hyperledger-labs/pubsub-interop,2020-07,2,2,3,0,1,0,0,1,0,0,0,0,0,0,0,9
hyperledger-labs/pubsub-interop,2021-07,0,0,1,0,0,0,0,0,0,0,0,0,0,0,0,1
hyperledger-labs/pubsub-interop,2022-04,2,1,1,0,0,0,0,0,0,0,0,0,0,0,0,4
hyperledger-labs/xcsi,2020-07,2,2,2,0,0,0,0,1,0,0,0,0,0,0,0,7
hyperledger-labs/xcsi,2021-01,0,0,1,0,1,0,0,0,0,0,0,0,0,0,0,2
hyperledger-labs/xcsi,2022-04,2,1,1,0,1,0,0,0,0,0,0,0,0,0,0,5
hyperledger/aries-sdk-java,2019-06,2,0,2,0,0,0,0,1,0,0,0,0,0,0,0,5
hyperledger/aries-sdk-java,2019-09,4,2,0,0,0,0,0,0,0,0,0,0,0,0,0,6
hyperledger/aries-sdk-java,2021-06,0,0,1,0,0,0,0,0,0,0,0,0,0,0,0,1
hyperledger/aries-sdk-java,2022-01,1,0,0,0,0,0,0,1,0,0,0,0,0,0,0,2
hyperledger/aries-staticagent-python,2019-06,0,2,2,0,0,0,0,0,0,0,0,0,0,0,0,4
hyperledger/aries-staticagent-python,2019-09,2,1,0,0,0,0,0,0,0,0,0,0,0,0,0,3
hyperledger/aries-staticagent-python,2021-02,0,0,0,0,1,0,0,0,0,0,0,0,0,0,0,1
hyperledger/aries-staticagent-python,2021-09,1,0,1,0,0,0,0,0,0,0,0,0,0,0,0,2
hyperledger/aries-staticagent-python,2021-10,1,1,0,0,1,0,0,0,0,0,0,0,0,0,0,3
hyperledger/aries-staticagent-python,2024-08,0,0,0,0,0,1,0,0,0,0,0,0,0,0,0,1
hyperledger/fabric-chaincode-go,2019-08,2,1,2,0,0,0,0,1,0,0,0,0,0,0,0,6
hyperledger/fabric-chaincode-go,2019-09,1,0,0,0,0,0,0,0,0,0,0,0,0,0,0,1
hyperledger/fabric-chaincode-go,2020-01,2,0,0,0,0,0,0,1,0,0,0,0,0,0,0,3
hyperledger/fabric-chaincode-go,2020-04,1,0,0,0,0,0,0,0,0,0,0,0,0,0,0,1
hyperledger/fabric-chaincode-go,2022-07,1,1,0,0,0,0,0,0,0,0,0,0,0,0,0,2
hyperledger/fabric-chaincode-go,2023-09,0,0,0,1,0,0,0,0,0,0,0,0,0,0,0,1
hyperledger/fabric-rfcs,2019-11,2,0,0,1,0,0,0,1,0,0,0,0,0,0,0,4
hyperledger/fabric-rfcs,2019-12,0,0,0,1,0,0,0,0,0,0,0,0,0,0,0,1
hyperledger/fabric-rfcs,2020-01,1,1,0,0,0,0,0,1,0,0,0,0,0,0,0,3
hyperledger/fabric-rfcs,2020-04,1,0,0,0,0,0,0,0,0,0,0,0,0,0,0,1
hyperledger/fabric-rfcs,2020-09,0,0,0,0,0,1,0,0,1,0,0,0,0,0,0,2
hyperledger/fabric-rfcs,2020-11,0,0,0,1,0,0,0,0,0,0,0,0,0,0,0,1
hyperledger/fabric-rfcs,2021-09,0,0,0,1,0,0,0,0,0,0,0,0,0,0,0,1
hyperledger/fabric-rfcs,2023-08,0,0,1,0,0,0,0,0,0,0,0,0,0,0,0,1
hyperledger/homebrew-besu,2019-09,3,1,2,2,0,0,2,0,0,0,0,0,0,0,0,10
hyperledger/homebrew-besu,2020-04,1,0,0,0,0,0,0,0,0,0,0,0,0,0,0,1
hyperledger/homebrew-besu,2022-02,1,0,0,0,0,0,0,1,0,0,0,0,0,0,0,2
hyperledger/homebrew-besu,2023-09,0,0,0,0,1,0,0,0,0,0,0,0,0,0,0,1
hyperledger/iroha-docs-l10n,2020-08,2,2,3,1,1,0,0,1,0,0,0,0,0,0,0,10
hyperledger/iroha-docs-l10n,2022-01,2,1,0,0,0,0,0,1,0,0,0,0,0,0,0,4
hyperledger/iroha-scala,2017-10,4,0,0,0,0,0,0,2,0,0,0,0,0,0,0,6
hyperledger/iroha-scala,2019-09,2,1,0,0,0,0,0,0,0,0,0,0,0,0,0,3
hyperledger/iroha-scala,2019-12,0,0,0,0,0,0,0,1,0,0,0,0,0,0,0,1
hyperledger/iroha-scala,2020-06,2,1,0,0,0,0,0,1,0,0,0,0,0,0,0,4
hyperledger/sawtooth-docs,2016-05,0,0,3,0,0,0,0,0,0,0,0,0,0,0,0,3
hyperledger/sawtooth-docs,2021-08,1,0,1,0,0,0,0,0,0,0,0,0,0,0,0,2
hyperledger/sawtooth-docs,2021-12,0,0,0,1,0,0,0,0,0,0,0,0,0,0,0,1
hyperledger/sawtooth-docs,2024-01,1,0,1,0,0,0,0,0,0,0,0,0,0,0,0,2
hyperledger/sawtooth-docs,2024-02,2,2,0,2,0,0,0,0,0,0,0,0,0,0,0,6
hyperledger/sawtooth-sdk-cxx,2018-03,2,0,2,0,0,0,0,1,0,0,0,0,0,0,0,5
hyperledger/sawtooth-sdk-cxx,2019-09,1,0,0,0,0,0,0,0,0,0,0,0,0,0,0,1
hyperledger/sawtooth-sdk-cxx,2024-01,1,0,1,0,0,0,0,0,0,0,0,0,0,0,0,2
hyperledger/sawtooth-sdk-cxx,2024-02,1,2,0,2,1,0,0,0,0,0,0,0,0,0,0,6
hyperledger/sawtooth-sdk-dotnet,2018-03,2,0,2,1,0,0,0,1,0,0,0,0,0,0,0,6
hyperledger/sawtooth-sdk-dotnet,2019-06,0,0,0,1,0,0,0,0,0,0,0,0,0,0,0,1
hyperledger/sawtooth-sdk-dotnet,2019-09,1,0,0,0,0,0,0,0,0,0,0,0,0,0,0,1
hyperledger/sawtooth-sdk-dotnet,2020-06,1,0,0,1,0,0,0,1,0,0,0,0,0,0,0,3
hyperledger/sawtooth-sdk-dotnet,2021-03,0,0,0,1,0,0,0,0,0,0,0,0,0,0,0,1
hyperledger/sawtooth-sdk-dotnet,2022-01,1,0,0,0,0,0,0,1,0,0,0,0,0,0,0,2
hyperledger/sawtooth-sdk-go,2018-03,2,0,2,0,0,0,0,1,0,0,0,0,0,0,0,5
hyperledger/sawtooth-sdk-go,2019-09,1,0,0,0,0,0,0,0,0,0,0,0,0,0,0,1
hyperledger/sawtooth-sdk-go,2024-01,1,0,1,0,0,0,0,0,0,0,0,0,0,0,0,2
hyperledger/sawtooth-sdk-go,2024-02,2,2,0,2,0,0,0,0,0,0,0,0,0,0,0,6
hyperledger/sawtooth-sdk-java,2018-03,2,0,2,0,0,0,0,1,0,0,0,0,0,0,0,5
hyperledger/sawtooth-sdk-java,2019-09,1,0,0,0,0,0,0,0,0,0,0,0,0,0,0,1
hyperledger/sawtooth-sdk-java,2024-01,1,0,1,0,0,0,0,0,0,0,0,0,0,0,0,2
hyperledger/sawtooth-sdk-java,2024-02,2,2,0,2,0,0,0,0,0,0,0,0,0,0,0,6
hyperledger/toc-docs,2023-02,0,2,0,0,0,0,0,0,0,0,0,0,0,0,0,2
hyperledger/toc-docs,2023-03,0,2,0,0,0,0,0,0,0,0,0,0,0,0,0,2
hyperledger/toc-docs,2024-02,0,1,0,0,0,0,0,0,0,0,0,0,0,0,0,1
hyperledger/toc-docs,2024-05,3,4,1,0,0,1,0,0,0,0,0,0,0,0,0,9
trustoverip/governance,2025-10,1,2,1,0,1,0,0,0,0,0,0,0,0,0,0,5
trustoverip/governance,2025-11,0,4,0,0,0,0,0,0,0,0,0,0,0,0,0,4
trustoverip/governance,2026-03,0,1,2,0,0,0,0,0,0,0,0,0,0,0,0,3
trustoverip/governance,2026-04,0,0,0,0,1,0,0,0,0,0,0,0,0,0,0,1
trustoverip/governance,2026-05,0,0,0,0,1,0,0,0,0,0,0,0,0,0,0,1
Hyperledger-TWGC/java-gm,2020-09,2,0,0,0,0,0,0,1,0,0,0,0,0,0,0,3
Hyperledger-TWGC/java-gm,2023-12,0,3,1,2,1,0,0,0,0,0,0,0,0,0,0,7
Hyperledger-TWGC/java-gm,2025-03,2,0,0,0,1,0,0,0,0,0,0,0,0,0,0,3
hyperledger-labs/HyperFabGames,2022-04,4,3,4,0,2,0,0,0,0,0,0,0,0,0,0,13
hyperledger-labs/keyhole-fabric-api-gateway,2020-04,2,0,0,0,0,0,0,1,0,0,0,0,0,0,0,3
hyperledger-labs/keyhole-fabric-api-gateway,2020-10,0,0,0,0,1,0,0,0,0,0,0,0,0,0,0,1
hyperledger-labs/keyhole-fabric-api-gateway,2021-02,1,1,1,0,1,0,0,0,0,0,0,0,0,0,0,4
hyperledger-labs/keyhole-fabric-api-gateway,2022-04,2,1,1,0,1,0,0,0,0,0,0,0,0,0,0,5
hyperledger-labs/modern-pharmacy-management,2020-06,2,1,2,0,0,0,0,1,0,0,0,0,0,0,0,6
hyperledger-labs/modern-pharmacy-management,2021-07,0,0,1,0,1,0,0,0,0,0,0,0,0,0,0,2
hyperledger-labs/modern-pharmacy-management,2022-04,2,1,1,0,1,0,0,0,0,0,0,0,0,0,0,5
hyperledger/bevel,2022-02,1,0,0,1,0,0,0,1,0,0,0,0,0,0,0,3
hyperledger/bevel,2022-08,0,0,0,1,0,0,0,0,0,0,0,0,0,0,0,1
hyperledger/bevel,2022-11,2,0,1,0,0,0,0,0,0,0,0,0,0,0,0,3
hyperledger/bevel,2023-03,0,0,0,1,0,0,0,0,0,0,0,0,0,0,0,1
hyperledger/bevel,2023-04,2,0,1,0,0,0,0,0,0,0,0,0,0,0,0,3
hyperledger/bevel,2023-05,1,0,1,0,0,0,0,0,0,0,0,0,0,0,0,2
hyperledger/sawtooth-explorer,2017-11,2,0,2,0,0,0,0,1,0,0,0,0,0,0,0,5
hyperledger/sawtooth-explorer,2018-08,0,1,0,0,0,0,0,0,0,0,0,0,0,0,0,1
hyperledger/sawtooth-explorer,2019-09,2,1,0,0,0,0,0,0,0,0,0,0,0,0,0,3
hyperledger/sawtooth-explorer,2022-01,2,1,0,0,0,0,0,1,0,0,0,0,0,0,0,4
hyperledger/sawtooth-seth,2017-11,2,0,2,0,0,0,0,1,0,0,0,0,0,0,0,5
hyperledger/sawtooth-seth,2018-08,3,1,1,0,1,0,0,1,0,0,0,0,0,0,0,7
hyperledger/sawtooth-seth,2019-09,1,0,0,0,0,0,0,0,0,0,0,0,0,0,0,1
LF-Decentralized-Trust-labs/paladin,2024-11,0,1,0,1,0,0,0,0,0,0,0,0,0,0,0,2
LF-Decentralized-Trust-labs/paladin,2025-02,1,7,1,0,0,0,0,0,0,0,0,0,0,0,0,9
LF-Decentralized-Trust-labs/paladin,2025-03,0,0,0,1,0,0,0,0,0,0,0,0,0,0,0,1
LFDT-Minokawa/governance,2025-10,0,1,1,0,1,0,0,0,0,0,0,0,0,0,0,3
LFDT-Minokawa/governance,2025-12,2,2,1,0,0,0,0,0,0,0,0,0,0,0,0,5
LFDT-Minokawa/governance,2026-01,1,1,0,0,2,0,0,0,0,0,0,0,0,0,0,4
hiero-ledger/.github,2024-10,0,0,0,3,0,0,0,0,0,0,0,0,0,0,0,3
hiero-ledger/.github,2025-03,0,0,0,0,1,1,0,0,0,0,0,0,0,0,0,2
hiero-ledger/.github,2025-05,0,0,0,0,0,5,0,0,0,0,0,0,0,0,0,5
hiero-ledger/.github,2025-08,0,0,0,0,0,1,0,0,0,0,0,0,0,0,0,1
hiero-ledger/.github,2025-10,0,0,0,0,0,1,0,0,0,0,0,0,0,0,0,1
hyperledger-labs/Scorex,2021-09,1,2,0,0,1,3,0,0,1,0,0,0,0,0,0,8
hyperledger-labs/Scorex,2022-04,2,0,1,0,1,0,0,0,0,0,0,0,0,0,0,4
hyperledger-labs/avalon-sdk-py,2020-08,2,2,2,0,0,0,0,1,0,0,0,0,0,0,0,7
hyperledger-labs/avalon-sdk-py,2020-09,0,2,1,0,1,0,0,0,0,0,0,0,0,0,0,4
hyperledger-labs/avalon-sdk-py,2020-10,0,1,0,0,0,0,0,0,0,0,0,0,0,0,0,1
hyperledger-labs/sponsors,2020-06,4,3,2,0,0,0,0,2,0,0,0,0,0,0,0,11
hyperledger-labs/sponsors,2020-10,0,0,1,0,0,0,0,0,0,0,0,0,0,0,0,1
hyperledger/aries-sdk-android,2019-06,0,0,2,0,0,0,0,0,0,0,0,0,0,0,0,2
hyperledger/aries-sdk-android,2019-09,2,1,0,0,0,0,0,0,0,0,0,0,0,0,0,3
hyperledger/aries-sdk-android,2020-03,2,0,0,0,0,0,0,1,0,0,0,0,0,0,0,3
hyperledger/aries-sdk-android,2021-01,0,0,1,0,1,0,0,0,0,0,0,0,0,0,0,2
hyperledger/aries-sdk-android,2022-01,1,0,0,0,0,0,0,1,0,0,0,0,0,0,0,2
hyperledger/besu-verkle-trie,2023-10,2,2,3,0,0,0,0,0,0,0,0,0,0,0,0,7
hyperledger/besu-verkle-trie,2023-11,0,0,0,0,1,0,0,0,0,0,0,0,0,0,0,1
hyperledger/besu-verkle-trie,2024-03,2,1,0,0,0,0,0,1,0,0,0,0,0,0,0,4
hyperledger/composer-atom-plugin,2017-10,2,0,0,0,0,0,0,2,0,0,0,0,0,0,0,4
hyperledger/composer-atom-plugin,2019-08,2,0,0,0,0,0,6,0,0,0,0,0,0,0,0,8
hyperledger/fabric-protos-go,2019-08,3,2,2,0,0,0,0,1,0,0,0,0,0,0,0,8
hyperledger/fabric-protos-go,2020-01,0,0,0,0,0,0,0,1,0,0,0,0,0,0,0,1
hyperledger/fabric-protos-go,2020-04,2,1,0,0,0,0,0,0,0,0,0,0,0,0,0,3
hyperledger/fabric-website,2020-07,2,3,3,0,1,0,0,1,0,0,0,0,0,0,0,10
hyperledger/fabric-website,2020-08,0,1,0,0,0,0,0,1,0,0,0,0,0,0,0,2
hyperledger/indy-docs,2019-06,2,0,0,0,0,0,0,1,0,0,0,0,0,0,0,3
hyperledger/indy-docs,2019-09,2,1,0,0,0,0,0,0,0,0,0,0,0,0,0,3
hyperledger/indy-docs,2020-05,1,0,0,1,0,0,0,1,0,0,0,0,0,0,0,3
hyperledger/indy-docs,2020-06,1,1,0,0,0,0,0,0,0,0,0,0,0,0,0,2
hyperledger/indy-docs,2021-08,0,0,1,0,0,0,0,0,0,0,0,0,0,0,0,1
hyperledger/indy-jenkins-pipeline-lib,2017-12,2,0,2,0,0,0,0,1,0,0,0,0,0,0,0,5
hyperledger/indy-jenkins-pipeline-lib,2018-08,0,1,0,0,0,0,0,0,0,0,0,0,0,0,0,1
hyperledger/indy-jenkins-pipeline-lib,2019-08,0,0,0,1,0,0,0,0,0,0,0,0,0,0,0,1
hyperledger/indy-jenkins-pipeline-lib,2019-09,2,1,0,0,0,0,0,0,0,0,0,0,0,0,0,3
hyperledger/indy-jenkins-pipeline-lib,2020-06,1,0,0,0,0,0,0,1,0,0,0,0,0,0,0,2
hyperledger/indy-sdk-react-native,2021-06,2,1,2,0,1,0,0,0,0,0,0,0,0,0,0,6
hyperledger/indy-sdk-react-native,2021-07,2,2,0,0,0,0,0,0,0,0,0,0,0,0,0,4
hyperledger/indy-sdk-react-native,2024-02,1,1,0,0,0,0,0,0,0,0,0,0,0,0,0,2
hyperledger/sawtooth-pbft,2018-10,2,0,0,0,0,0,0,1,0,0,0,0,0,0,0,3
hyperledger/sawtooth-pbft,2019-09,1,0,0,0,0,0,0,0,0,0,0,0,0,0,0,1
hyperledger/sawtooth-pbft,2024-01,1,0,1,0,0,0,0,0,0,0,0,0,0,0,0,2
hyperledger/sawtooth-pbft,2024-02,2,1,0,2,1,0,0,0,0,0,0,0,0,0,0,6
openwallet-foundation/credential-format-comparison-sig,2023-08,0,2,0,1,9,0,0,0,0,0,0,0,0,0,0,12
LF-Decentralized-Trust/.github,2024-10,0,3,0,0,0,0,0,0,0,0,0,0,0,0,0,3
LF-Decentralized-Trust/.github,2025-01,2,2,1,0,0,0,0,0,0,0,0,0,0,0,0,5
LF-Decentralized-Trust/.github,2025-03,0,1,0,0,0,0,0,0,0,0,0,0,0,0,0,1
LF-Decentralized-Trust/.github,2025-06,0,1,1,0,0,0,0,0,0,0,0,0,0,0,0,2
LF-Decentralized-Trust/tac-eligibility-check,2024-10,0,3,2,0,0,0,0,0,0,0,0,0,0,0,0,5
LF-Decentralized-Trust/tac-eligibility-check,2025-04,4,0,1,0,1,0,0,0,0,0,0,0,0,0,0,6
LFDT-Regional-Chapters/LFDT-European-Chapter,2025-05,0,0,1,0,0,0,0,0,0,0,0,0,0,0,0,1
LFDT-Regional-Chapters/LFDT-European-Chapter,2025-07,5,1,3,0,1,0,0,0,0,0,0,0,0,0,0,10
hiero-ledger/tsc,2024-10,0,0,0,0,0,3,0,0,1,0,0,0,0,0,0,4
hiero-ledger/tsc,2025-05,0,0,0,0,0,1,0,0,0,0,0,0,0,0,0,1
hiero-ledger/tsc,2025-07,0,0,0,2,1,3,0,0,0,0,0,0,0,0,0,6
hyperledger-archives/ursa,2023-11,2,0,0,0,2,0,0,0,0,0,0,0,0,0,0,4
hyperledger-archives/ursa,2023-12,0,0,0,0,0,0,0,0,0,3,0,0,0,0,0,3
hyperledger-archives/ursa,2024-01,2,0,1,0,1,0,0,0,0,0,0,0,0,0,0,4
hyperledger-labs/bdls,2022-08,0,4,0,0,0,0,0,0,0,0,0,1,0,0,0,5
hyperledger-labs/bdls,2023-01,2,0,1,0,2,0,0,0,0,0,0,0,0,0,0,5
hyperledger-labs/bdls,2025-01,0,0,1,0,0,0,0,0,0,0,0,0,0,0,0,1
hyperledger-labs/fabric-operations-console,2021-06,2,2,3,0,1,0,0,0,0,0,0,0,0,0,0,8
hyperledger-labs/fabric-operations-console,2021-07,1,1,0,0,0,1,0,0,0,0,0,0,0,0,0,3
hyperledger-labs/nft-community-footprint,2022-06,0,1,2,0,0,0,0,0,0,0,0,0,0,0,0,3
hyperledger-labs/nft-community-footprint,2023-01,2,0,1,0,1,0,0,0,0,0,0,0,0,0,0,4
hyperledger-labs/nft-community-footprint,2023-11,4,0,0,0,0,0,0,0,0,0,0,0,0,0,0,4
hyperledger-labs/splice,2024-02,2,2,3,0,1,0,0,0,0,0,0,0,0,0,0,8
hyperledger-labs/splice,2024-08,1,0,1,0,1,0,0,0,0,0,0,0,0,0,0,3
hyperledger/anoncreds-methods-registry,2023-04,1,2,1,0,1,0,0,0,0,0,0,0,0,0,0,5
hyperledger/anoncreds-methods-registry,2023-05,1,1,1,0,1,0,0,0,0,0,0,0,0,0,0,4
hyperledger/anoncreds-methods-registry,2025-12,0,0,0,0,0,0,0,0,0,2,0,0,0,0,0,2
hyperledger/anoncreds-spec-v2,2023-03,2,2,3,0,1,0,0,0,0,0,0,0,0,0,0,8
hyperledger/anoncreds-spec-v2,2023-05,1,0,1,0,1,0,0,0,0,0,0,0,0,0,0,3
hyperledger/aries-bbs-rs,2023-05,3,4,3,0,1,0,0,0,0,0,0,0,0,0,0,11
hyperledger/aries-framework-rs,2020-10,4,2,0,0,0,3,0,1,1,0,0,0,0,0,0,11
hyperledger/aries-sdk-go,2019-06,2,0,2,0,0,0,0,1,0,0,0,0,0,0,0,5
hyperledger/aries-sdk-go,2019-09,4,2,0,0,0,0,0,0,0,0,0,0,0,0,0,6
hyperledger/aries-vcx,2020-10,1,0,0,0,0,0,0,0,0,0,0,0,0,0,0,1
hyperledger/aries-vcx,2023-04,1,0,0,1,0,0,0,0,0,0,0,0,0,0,0,2
hyperledger/aries-vcx,2023-10,1,1,1,0,0,0,0,0,0,0,0,0,0,0,0,3
hyperledger/aries-vcx,2025-01,2,1,1,0,1,0,0,0,0,0,0,0,0,0,0,5
hyperledger/firefly-evmconnect,2022-05,2,5,3,0,1,0,0,0,0,0,0,0,0,0,0,11
hyperledger/firefly-fir,2021-11,2,4,3,0,1,0,0,0,0,0,0,0,0,0,0,10
hyperledger/firefly-fir,2023-08,0,0,1,0,0,0,0,0,0,0,0,0,0,0,0,1
hyperledger/hyperledger.dev,2023-08,0,6,4,0,1,0,0,0,0,0,0,0,0,0,0,11
hyperledger/indy-node-container,2022-06,0,0,0,1,0,0,1,0,0,0,0,0,0,0,0,2
hyperledger/indy-node-container,2023-01,2,3,0,2,1,0,1,0,0,0,0,0,0,0,0,9
hyperledger/iroha-android,2017-10,2,0,0,0,0,0,0,1,0,0,0,0,0,0,0,3
hyperledger/iroha-android,2018-08,0,1,0,0,0,0,0,0,0,0,0,0,0,0,0,1
hyperledger/iroha-android,2019-09,2,1,0,0,0,0,0,0,0,0,0,0,0,0,0,3
hyperledger/iroha-android,2020-04,1,0,0,0,0,0,0,1,0,0,0,0,0,0,0,2
hyperledger/iroha-android,2020-05,1,1,0,0,0,0,0,0,0,0,0,0,0,0,0,2
hyperledger/sawtooth-sabre,2018-05,2,0,0,0,0,0,0,1,0,0,0,0,0,0,0,3
hyperledger/sawtooth-sabre,2019-09,1,0,0,0,0,0,0,0,0,0,0,0,0,0,0,1
hyperledger/sawtooth-sabre,2024-01,1,0,1,0,0,0,0,0,0,0,0,0,0,0,0,2
hyperledger/sawtooth-sabre,2024-02,1,2,0,2,0,0,0,0,0,0,0,0,0,0,0,5
hyperledger/web3j-docs,2024-04,5,0,3,0,3,0,0,0,0,0,0,0,0,0,0,11
hyperledger/web3j-openapi,2024-04,5,1,3,0,2,0,0,0,0,0,0,0,0,0,0,11
open-quantum-safe/ci-containers,2024-03,2,0,0,0,1,0,0,0,0,0,0,0,0,0,0,3
open-quantum-safe/ci-containers,2024-04,0,0,0,1,0,0,0,0,0,0,0,0,0,0,0,1
open-quantum-safe/ci-containers,2024-08,0,0,0,4,1,1,0,0,1,0,0,0,0,0,0,7
open-quantum-safe/liboqs-python,2024-03,2,0,1,0,1,0,0,0,0,0,0,0,0,0,0,4
open-quantum-safe/liboqs-python,2024-06,0,0,0,1,0,0,0,0,0,0,0,0,0,0,0,1
open-quantum-safe/liboqs-python,2025-08,1,0,0,1,0,0,0,0,0,0,0,0,0,0,0,2
open-quantum-safe/liboqs-python,2025-09,0,1,0,1,0,0,0,0,0,0,0,0,0,0,0,2
open-quantum-safe/liboqs-python,2025-10,0,0,0,0,1,0,0,0,0,0,0,0,0,0,0,1
open-quantum-safe/liboqs-python,2026-05,0,0,0,1,0,0,0,0,0,0,0,0,0,0,0,1
open-quantum-safe/www,2024-05,4,2,0,3,2,0,0,0,0,0,0,0,0,0,0,11
pq-code-package/mlkem-c-embedded,2024-03,4,3,2,0,2,0,0,0,0,0,0,0,0,0,0,11
pq-code-package/mlkem-rust-libcrux,2024-03,3,1,3,0,2,0,0,0,0,0,0,0,0,0,0,9
pq-code-package/mlkem-rust-libcrux,2025-09,1,0,1,0,0,0,0,0,0,0,0,0,0,0,0,2
LFDT-Verii/core,2025-07,0,1,0,0,1,0,0,0,0,0,0,0,0,0,0,2
LFDT-Verii/core,2026-01,0,0,0,0,0,0,7,0,0,0,0,0,0,0,0,7
LFDT-Verii/core,2026-04,0,0,0,0,0,0,1,0,0,0,0,0,0,0,0,1
LFDT-Verii/governance,2025-06,2,1,1,0,0,0,0,0,0,0,0,0,0,0,0,4
LFDT-Verii/governance,2025-07,2,3,0,0,0,1,0,0,0,0,0,0,0,0,0,6
hyperledger-archives/indy-client,2017-10,5,0,0,5,0,0,0,0,0,0,0,0,0,0,0,10
hyperledger-labs/byzantine-config,2019-04,3,0,2,0,0,0,0,1,0,0,0,0,0,0,0,6
hyperledger-labs/byzantine-config,2019-06,0,0,0,2,0,0,0,0,0,0,0,0,0,0,0,2
hyperledger-labs/byzantine-config,2019-07,1,0,0,0,0,0,0,0,0,0,0,0,0,0,0,1
hyperledger-labs/byzantine-config,2021-07,0,0,1,0,0,0,0,0,0,0,0,0,0,0,0,1
hyperledger-labs/cardea-docker,2023-04,4,4,1,0,1,0,0,0,0,0,0,0,0,0,0,10
hyperledger-labs/fabric-chaincode-wasm,2019-09,2,1,2,0,2,0,0,0,0,0,0,0,0,0,0,7
hyperledger-labs/fabric-chaincode-wasm,2021-01,0,0,1,0,1,0,0,0,0,0,0,0,0,0,0,2
hyperledger-labs/fabric-chaincode-wasm,2022-04,1,0,0,0,0,0,0,0,0,0,0,0,0,0,0,1
hyperledger-labs/hyperledger-fabric-based-access-control,2019-06,2,1,2,0,0,0,0,1,0,0,0,0,0,0,0,6
hyperledger-labs/hyperledger-fabric-based-access-control,2021-07,0,0,1,0,0,0,0,0,0,0,0,0,0,0,0,1
hyperledger-labs/hyperledger-fabric-based-access-control,2022-04,1,1,1,0,0,0,0,0,0,0,0,0,0,0,0,3
hyperledger-labs/inter-carrier-settlements,2019-08,2,1,2,0,0,0,0,1,0,0,0,0,0,0,0,6
hyperledger-labs/inter-carrier-settlements,2019-10,0,0,0,0,4,0,0,0,0,0,0,0,0,0,0,4
hyperledger/IDWG,2019-10,2,2,2,0,0,0,0,1,0,0,0,0,0,0,0,7
hyperledger/IDWG,2020-01,0,0,0,0,0,0,0,1,0,0,0,0,0,0,0,1
hyperledger/IDWG,2021-01,0,0,1,0,1,0,0,0,0,0,0,0,0,0,0,2
hyperledger/aries-protocol-test-suite,2019-07,2,0,0,0,0,0,0,1,0,0,0,0,0,0,0,3
hyperledger/aries-protocol-test-suite,2019-09,1,0,0,0,0,0,0,0,0,0,0,0,0,0,0,1
hyperledger/aries-protocol-test-suite,2023-06,2,1,0,1,1,0,1,0,0,0,0,0,0,0,0,6
hyperledger/aries-sdk-ios,2019-06,1,0,2,0,0,0,0,1,0,0,0,0,0,0,0,4
hyperledger/aries-sdk-ios,2019-09,4,2,0,0,0,0,0,0,0,0,0,0,0,0,0,6
hyperledger/aries-sdk-ruby,2019-06,2,0,2,0,0,0,0,1,0,0,0,0,0,0,0,5
hyperledger/aries-sdk-ruby,2019-09,1,0,0,0,0,0,0,0,0,0,0,0,0,0,0,1
hyperledger/aries-sdk-ruby,2021-01,0,0,1,0,1,0,0,0,0,0,0,0,0,0,0,2
hyperledger/aries-sdk-ruby,2022-01,1,0,0,0,0,0,0,1,0,0,0,0,0,0,0,2
hyperledger/indy-blssignatures-rs,2023-04,2,2,3,0,1,0,0,0,0,0,0,0,0,0,0,8
hyperledger/indy-blssignatures-rs,2023-06,1,1,0,0,0,0,0,0,0,0,0,0,0,0,0,2
hyperledger/indy-vdr,2020-09,0,0,0,1,0,0,0,0,0,0,0,0,0,0,0,1
hyperledger/indy-vdr,2020-10,1,0,0,1,0,0,2,0,0,0,0,0,0,0,0,4
hyperledger/indy-vdr,2021-02,0,0,0,0,0,3,0,0,1,0,0,0,0,0,0,4
hyperledger/indy-vdr,2022-11,0,0,0,1,0,0,0,0,0,0,0,0,0,0,0,1
hyperledger/iroha2-isi-interface,2021-09,2,1,2,0,1,0,0,0,0,0,0,0,0,0,0,6
hyperledger/iroha2-isi-interface,2022-01,2,1,0,0,0,0,0,1,0,0,0,0,0,0,0,4
hyperledger/sawtooth-ansible,2018-08,1,1,1,1,0,0,0,0,0,0,0,0,0,0,0,4
hyperledger/sawtooth-ansible,2019-06,0,0,0,0,1,0,0,0,0,0,0,0,0,0,0,1
hyperledger/sawtooth-ansible,2019-09,1,0,0,0,0,0,0,0,0,0,0,0,0,0,0,1
hyperledger/sawtooth-ansible,2020-06,1,0,0,1,0,0,0,1,1,0,0,0,0,0,0,4
hyperledger/sawtooth-next-directory,2018-08,2,2,1,0,1,0,0,0,0,0,0,0,0,0,0,6
hyperledger/sawtooth-next-directory,2018-09,2,0,0,0,0,0,0,1,0,0,0,0,0,0,0,3
hyperledger/sawtooth-next-directory,2019-09,1,0,0,0,0,0,0,0,0,0,0,0,0,0,0,1
hyperledger/sawtooth-sdk-swift,2019-04,0,0,1,0,0,0,0,0,0,0,0,0,0,0,0,1
hyperledger/sawtooth-sdk-swift,2019-09,1,0,0,0,0,0,0,0,0,0,0,0,0,0,0,1
hyperledger/sawtooth-sdk-swift,2021-01,0,0,1,0,1,0,0,0,0,0,0,0,0,0,0,2
hyperledger/sawtooth-sdk-swift,2024-01,1,0,1,0,0,0,0,0,0,0,0,0,0,0,0,2
hyperledger/sawtooth-sdk-swift,2024-02,1,1,0,2,0,0,0,0,0,0,0,0,0,0,0,4
openwallet-foundation-labs/.github,2023-11,2,0,1,0,1,0,0,0,0,0,0,0,0,0,0,4
openwallet-foundation-labs/.github,2024-03,2,1,0,0,1,0,0,0,0,0,0,0,0,0,0,4
openwallet-foundation-labs/.github,2024-05,1,1,0,0,0,0,0,0,0,0,0,0,0,0,0,2
openwallet-foundation-labs/sd-jwt-js,2024-02,2,1,1,5,1,0,0,0,0,0,0,0,0,0,0,10
LFDT-Nightstream/governance,2025-10,0,3,1,1,3,1,0,0,0,0,0,0,0,0,0,9
PQCA/.github,2024-02,0,3,0,0,0,0,0,0,0,0,0,0,0,0,0,3
PQCA/.github,2024-03,2,0,1,0,1,0,0,0,0,0,0,0,0,0,0,4
PQCA/.github,2025-11,0,1,1,0,0,0,0,0,0,0,0,0,0,0,0,2
credebl/mobile-sdk,2025-03,2,3,1,0,2,1,0,0,0,0,0,0,0,0,0,9
hyperledger-labs/cardea.app,2023-04,0,1,2,0,0,0,0,0,0,0,0,0,0,0,0,3
hyperledger-labs/cardea.app,2023-06,0,6,0,0,0,0,0,0,0,0,0,0,0,0,0,6
hyperledger-labs/eThaler,2020-02,0,1,2,0,0,0,0,0,0,0,0,0,0,0,0,3
hyperledger-labs/eThaler,2020-03,2,0,0,0,0,0,0,1,0,0,0,0,0,0,0,3
hyperledger-labs/eThaler,2020-10,0,0,0,0,1,0,0,0,0,0,0,0,0,0,0,1
hyperledger-labs/eThaler,2021-01,0,0,1,0,1,0,0,0,0,0,0,0,0,0,0,2
hyperledger-labs/fabric-docs-ml,2020-05,2,0,0,0,0,0,0,1,0,0,0,0,0,0,0,3
hyperledger-labs/fabric-docs-ml,2020-06,2,1,2,0,0,0,0,1,0,0,0,0,0,0,0,6
hyperledger-labs/private-data-objects,2018-05,1,1,0,4,0,0,0,0,0,0,0,0,0,0,0,6
hyperledger-labs/private-data-objects,2020-12,0,0,0,0,0,0,1,0,0,0,0,0,0,0,0,1
hyperledger-labs/private-data-objects,2021-06,1,0,0,0,1,0,0,0,0,0,0,0,0,0,0,2
hyperledger-labs/solang-vscode,2020-06,2,2,2,0,0,0,0,1,0,0,0,0,0,0,0,7
hyperledger-labs/solang-vscode,2020-12,1,0,0,0,0,0,0,1,0,0,0,0,0,0,0,2
hyperledger-labs/umbra,2018-10,1,0,2,0,0,0,0,0,2,0,0,0,0,0,0,5
hyperledger-labs/umbra,2018-11,0,0,0,1,0,0,0,0,0,0,0,0,0,0,0,1
hyperledger-labs/umbra,2021-07,0,0,1,0,0,0,0,0,0,0,0,0,0,0,0,1
hyperledger-labs/umbra,2022-04,2,0,0,0,0,0,0,0,0,0,0,0,0,0,0,2
hyperledger/aries-acapy-plugins,2023-10,1,0,3,0,1,0,0,0,0,0,0,0,0,0,0,5
hyperledger/aries-acapy-plugins,2023-11,0,0,0,3,0,0,0,0,0,0,0,0,0,0,0,3
hyperledger/aries-acapy-plugins,2024-05,0,0,0,1,0,0,0,0,0,0,0,0,0,0,0,1
hyperledger/aries-sdk-python,2019-06,2,0,2,0,0,0,0,1,0,0,0,0,0,0,0,5
hyperledger/aries-sdk-python,2019-09,1,0,0,0,0,0,0,0,0,0,0,0,0,0,0,1
hyperledger/aries-sdk-python,2019-10,1,1,0,0,0,0,0,0,1,0,0,0,0,0,0,3
hyperledger/besu-errorprone-checks,2021-09,1,2,3,0,1,0,0,0,0,0,0,0,0,0,0,7
hyperledger/besu-errorprone-checks,2024-03,1,1,0,0,0,0,0,0,0,0,0,0,0,0,0,2
hyperledger/education-cryptomoji,2018-03,2,1,0,1,0,0,0,1,0,0,0,0,0,0,0,5
hyperledger/education-cryptomoji,2019-06,2,0,0,0,0,0,0,0,0,0,0,0,0,0,0,2
hyperledger/education-cryptomoji,2019-09,1,1,0,0,0,0,0,0,0,0,0,0,0,0,0,2
hyperledger/firefly-sdk-nodejs,2022-04,3,1,2,0,1,0,0,0,0,0,0,0,0,0,0,7
hyperledger/firefly-sdk-nodejs,2025-01,1,0,1,0,0,0,0,0,0,0,0,0,0,0,0,2
hyperledger/indy-anoncreds,2018-02,4,0,0,2,0,0,0,2,0,0,0,0,0,0,0,8
hyperledger/indy-anoncreds,2018-08,0,1,0,0,0,0,0,0,0,0,0,0,0,0,0,1
hyperledger/indy-did-networks,2022-05,2,2,3,0,1,0,0,0,0,0,0,0,0,0,0,8
hyperledger/indy-did-networks,2025-12,0,0,1,0,0,0,0,0,0,0,0,0,0,0,0,1
hyperledger/indy-hipe,2019-04,0,0,0,0,0,0,0,1,0,0,0,0,0,0,0,1
hyperledger/indy-hipe,2019-09,1,0,0,0,1,0,0,0,0,0,0,0,0,0,0,2
hyperledger/indy-hipe,2020-05,1,0,0,1,0,0,0,1,0,0,0,0,0,0,0,3
hyperledger/indy-hipe,2021-08,0,0,1,0,0,0,0,0,0,0,0,0,0,0,0,1
hyperledger/indy-hipe,2021-12,1,0,0,1,0,0,0,0,0,0,0,0,0,0,0,2
hyperledger/learning-materials-dev,2020-01,2,1,3,0,0,0,0,1,0,0,0,0,0,0,0,7
hyperledger/learning-materials-dev,2021-01,0,0,1,0,1,0,0,0,0,0,0,0,0,0,0,2
hyperledger/sawtooth-marketplace,2018-08,1,1,1,1,0,0,0,0,0,0,0,0,0,0,0,4
hyperledger/sawtooth-marketplace,2019-06,0,0,0,0,1,0,0,0,0,0,0,0,0,0,0,1
hyperledger/sawtooth-marketplace,2019-09,1,0,0,0,0,0,0,0,0,0,0,0,0,0,0,1
hyperledger/sawtooth-marketplace,2020-06,1,0,0,0,0,0,0,1,0,0,0,0,0,0,0,2
hyperledger/sawtooth-marketplace,2021-03,0,0,0,1,0,0,0,0,0,0,0,0,0,0,0,1
hyperledger/sawtooth-sdk-python,2019-09,1,0,0,0,0,0,0,0,0,0,0,0,0,0,0,1
hyperledger/sawtooth-sdk-python,2024-01,1,0,1,0,0,0,0,0,0,0,0,0,0,0,0,2
hyperledger/sawtooth-sdk-python,2024-02,2,1,0,2,1,0,0,0,0,0,0,0,0,0,0,6
hyperledger/web3j-openapi-gradle-plugin,2024-04,3,0,3,0,3,0,0,0,0,0,0,0,0,0,0,9
open-quantum-safe/oqs-demos,2024-03,1,0,1,0,1,0,0,0,0,0,0,0,0,0,0,3
open-quantum-safe/oqs-demos,2024-07,0,0,0,1,0,0,0,0,0,0,0,0,0,0,0,1
open-quantum-safe/oqs-demos,2024-08,0,0,0,2,0,0,0,0,0,0,0,0,0,0,0,2
open-quantum-safe/oqs-demos,2024-11,0,0,0,1,0,0,0,0,0,0,0,0,0,0,0,1
open-quantum-safe/oqs-demos,2025-02,0,0,0,2,0,0,0,0,0,0,0,0,0,0,0,2
Hyperledger-TWGC/.github,2024-09,1,1,0,0,1,1,0,0,0,0,0,0,0,0,0,4
Hyperledger-TWGC/.github,2025-03,1,1,0,0,1,1,0,0,0,0,0,0,0,0,0,4
anoncreds/governance,2025-12,2,3,1,0,1,1,0,0,0,0,0,0,0,0,0,8
hiero-ledger/hiero-website,2024-10,0,2,0,0,0,0,0,0,0,0,0,0,0,0,0,2
hiero-ledger/hiero-website,2025-07,0,0,0,0,0,1,0,0,0,0,0,0,0,0,0,1
hiero-ledger/hiero-website,2025-08,0,0,0,4,0,1,0,0,0,0,0,0,0,0,0,5
hyperledger-labs/chaincode-analyzer,2020-03,3,2,2,0,0,0,0,1,0,0,0,0,0,0,0,8
hyperledger-labs/fabex,2020-05,2,0,0,0,0,0,0,1,0,0,0,0,0,0,0,3
hyperledger-labs/fabex,2021-07,0,0,1,0,1,0,0,0,0,0,0,0,0,0,0,2
hyperledger-labs/fabex,2022-04,1,0,1,1,0,0,0,0,0,0,0,0,0,0,0,3
hyperledger-labs/fabric-operator,2022-06,2,1,1,0,1,0,0,0,0,0,0,0,0,0,0,5
hyperledger-labs/fabric-operator,2023-05,0,0,0,1,0,0,2,0,0,0,0,0,0,0,0,3
hyperledger-labs/fabric-private-chaincode,2020-12,0,0,0,1,0,0,0,0,0,0,0,0,0,0,0,1
hyperledger-labs/fabric-private-chaincode,2021-01,0,0,0,1,0,0,0,0,0,0,0,0,0,0,0,1
hyperledger-labs/fabric-private-chaincode,2021-03,1,1,0,0,0,2,1,0,1,0,0,0,0,0,0,6
hyperledger-labs/homebrew-solang,2022-07,0,1,2,0,0,0,0,0,0,0,0,0,0,0,0,3
hyperledger-labs/homebrew-solang,2022-08,0,1,0,0,1,1,2,0,0,0,0,0,0,0,0,5
hyperledger-labs/learning-tokens,2022-06,0,1,1,0,0,0,0,0,0,0,0,0,0,0,0,2
hyperledger-labs/learning-tokens,2023-01,2,0,1,0,1,0,0,0,0,0,0,0,0,0,0,4
hyperledger-labs/learning-tokens,2025-07,1,0,1,0,0,0,0,0,0,0,0,0,0,0,0,2
hyperledger-labs/yui-docs,2021-06,2,2,3,0,1,0,0,0,0,0,0,0,0,0,0,8
hyperledger/aries-agent,2019-05,2,0,2,0,0,0,0,1,0,0,0,0,0,0,0,5
hyperledger/aries-agent,2019-09,2,1,0,0,0,0,0,0,0,0,0,0,0,0,0,3
hyperledger/aries-framework-go-ext,2020-10,2,2,2,0,0,0,0,1,0,0,0,0,0,0,0,7
hyperledger/aries-framework-go-ext,2024-03,0,1,0,0,0,0,0,0,0,0,0,0,0,0,0,1
hyperledger/aries-sdk,2019-06,2,0,2,0,0,0,0,1,0,0,0,0,0,0,0,5
hyperledger/aries-sdk,2019-09,1,0,0,0,0,0,0,0,0,0,0,0,0,0,0,1
hyperledger/aries-sdk,2019-10,1,1,0,0,0,0,0,0,0,0,0,0,0,0,0,2
hyperledger/aries-uniffi-wrappers,2023-11,2,2,3,0,1,0,0,0,0,0,0,0,0,0,0,8
hyperledger/composer-vscode-plugin,2017-10,2,0,0,0,0,0,0,1,0,0,0,0,0,0,0,3
hyperledger/composer-vscode-plugin,2018-08,1,1,0,1,0,0,0,1,0,0,0,0,0,0,0,4
hyperledger/composer-vscode-plugin,2018-12,1,0,0,0,0,0,0,0,0,0,0,0,0,0,0,1
hyperledger/firefly-tezosconnect,2023-09,2,2,3,0,1,0,0,0,0,0,0,0,0,0,0,8
hyperledger/identus-cloud-agent,2024-04,0,1,1,0,0,2,0,0,0,0,0,0,0,0,0,4
hyperledger/identus-cloud-agent,2024-08,0,0,0,0,0,0,2,0,0,0,0,0,0,0,0,2
hyperledger/identus-cloud-agent,2024-09,0,0,0,1,0,0,0,0,0,0,0,0,0,0,0,1
hyperledger/identus-cloud-agent,2025-01,1,0,0,0,0,0,0,0,0,0,0,0,0,0,0,1
hyperledger/iroha-rfcs,2023-09,2,2,3,0,1,0,0,0,0,0,0,0,0,0,0,8
hyperledger/iroha-state-migration-tool,2020-03,2,0,0,0,0,0,0,1,0,0,0,0,0,0,0,3
hyperledger/iroha-state-migration-tool,2021-06,0,0,1,0,0,0,0,0,0,0,0,0,0,0,0,1
hyperledger/iroha-state-migration-tool,2022-01,1,0,0,0,0,0,0,1,0,0,0,0,0,0,0,2
hyperledger/iroha-state-migration-tool,2022-05,1,1,0,0,0,0,0,0,0,0,0,0,0,0,0,2
hyperledger/sawtooth-devmode,2019-09,1,0,0,0,0,0,0,0,0,0,0,0,0,0,0,1
hyperledger/sawtooth-devmode,2024-01,1,0,0,0,0,0,0,0,0,0,0,0,0,0,0,1
hyperledger/sawtooth-devmode,2024-02,2,2,0,2,0,0,0,0,0,0,0,0,0,0,0,6
hyperledger/sawtooth-mktplace,2016-05,0,0,3,0,0,0,0,0,0,0,0,0,0,0,0,3
hyperledger/sawtooth-mktplace,2017-11,2,0,2,0,0,0,0,1,0,0,0,0,0,0,0,5
hyperledger/sawtooth-sdk-rust,2019-09,1,0,0,0,0,0,0,0,0,0,0,0,0,0,0,1
hyperledger/sawtooth-sdk-rust,2024-01,1,0,1,0,0,0,0,0,0,0,0,0,0,0,0,2
hyperledger/sawtooth-sdk-rust,2024-02,1,2,0,2,0,0,0,0,0,0,0,0,0,0,0,5
hyperledger/web3j-installer,2024-04,1,0,3,0,4,0,0,0,0,0,0,0,0,0,0,8
openwallet-foundation-labs/sd-jwt-dotnet,2026-02,1,3,2,0,1,1,0,0,0,0,0,0,0,0,0,8
openwallet-foundation/mobile-wallet-test-harness,2024-03,1,2,2,0,2,0,0,1,0,0,0,0,0,0,0,8
openwallet-foundation/owl,2024-09,2,1,3,0,1,0,0,0,0,0,0,0,0,0,0,7
openwallet-foundation/owl,2024-10,0,0,0,0,1,0,0,0,0,0,0,0,0,0,0,1
openwallet-foundation/project-proposals,2023-09,0,0,0,0,0,1,0,0,1,0,0,0,0,0,0,2
openwallet-foundation/project-proposals,2025-07,0,0,0,2,0,0,0,0,0,0,0,0,0,0,0,2
openwallet-foundation/project-proposals,2026-01,0,1,0,0,0,0,0,0,0,0,0,0,0,0,0,1
openwallet-foundation/project-proposals,2026-03,1,2,0,0,0,0,0,0,0,0,0,0,0,0,0,3
pq-code-package/template-code,2024-03,2,1,1,0,2,0,0,0,0,0,0,0,0,0,0,6
pq-code-package/template-code,2024-09,0,0,2,0,0,0,0,0,0,0,0,0,0,0,0,2
LF-Decentralized-Trust/wiki,2025-08,0,0,0,0,0,0,0,0,0,0,7,0,0,0,0,7
LFDT-Lockness/cggmp21,2025-01,2,1,1,2,1,0,0,0,0,0,0,0,0,0,0,7
hyperledger-labs/HL-StarterKit,2021-07,0,0,1,0,1,0,0,0,0,0,0,0,0,0,0,2
hyperledger-labs/HL-StarterKit,2022-04,2,1,1,0,1,0,0,0,0,0,0,0,0,0,0,5
hyperledger-labs/agora-key-share-proofs,2024-01,2,2,3,0,0,0,0,0,0,0,0,0,0,0,0,7
hyperledger-labs/cardea-secondary-verifier-controller,2023-04,3,2,1,0,1,0,0,0,0,0,0,0,0,0,0,7
hyperledger-labs/citizens-pulse,2021-06,2,1,3,0,1,0,0,0,0,0,0,0,0,0,0,7
hyperledger/CMSIG,2019-10,2,0,2,0,0,0,0,1,0,0,0,0,0,0,0,5
hyperledger/CMSIG,2021-01,0,0,1,0,1,0,0,0,0,0,0,0,0,0,0,2
hyperledger/TWGC,2020-06,2,2,2,0,0,0,0,1,0,0,0,0,0,0,0,7
hyperledger/anoncreds-clsignatures-rs,2023-04,2,1,3,0,1,0,0,0,0,0,0,0,0,0,0,7
hyperledger/aries-framework-swift,2022-12,3,2,0,0,1,1,0,0,0,0,0,0,0,0,0,7
hyperledger/bevel-operator-fabric,2023-02,1,1,1,0,1,0,0,0,0,0,0,0,0,0,0,4
hyperledger/bevel-operator-fabric,2023-04,0,0,1,0,0,0,0,0,0,0,0,0,0,0,0,1
hyperledger/bevel-operator-fabric,2023-08,0,0,0,1,0,0,1,0,0,0,0,0,0,0,0,2
hyperledger/composer-knowledge-wiki,2018-01,2,0,0,0,0,0,0,1,0,0,0,0,0,0,0,3
hyperledger/composer-knowledge-wiki,2018-08,0,1,0,0,0,0,0,0,0,0,0,0,0,0,0,1
hyperledger/composer-knowledge-wiki,2019-08,3,0,0,0,0,0,0,0,0,0,0,0,0,0,0,3
hyperledger/education-sawtooth-simple-supply,2018-08,1,1,1,1,0,0,0,0,0,0,0,0,0,0,0,4
hyperledger/education-sawtooth-simple-supply,2020-02,0,0,0,0,0,0,1,0,0,0,0,0,0,0,0,1
hyperledger/education-sawtooth-simple-supply,2021-01,0,0,1,0,1,0,0,0,0,0,0,0,0,0,0,2
hyperledger/fabric-protos-go-apiv2,2022-05,1,3,2,0,1,0,0,0,0,0,0,0,0,0,0,7
hyperledger/fabric-x-orderer,2025-07,1,1,3,2,0,0,0,0,0,0,0,0,0,0,0,7
hyperledger/goverance,2022-06,0,5,2,0,0,0,0,0,0,0,0,0,0,0,0,7
hyperledger/indy,2024-08,0,1,0,0,0,0,0,0,0,0,0,0,0,0,0,1
hyperledger/indy,2025-01,2,2,1,0,1,0,0,0,0,0,0,0,0,0,0,6
hyperledger/indy-besu,2024-01,2,1,3,0,1,0,0,0,0,0,0,0,0,0,0,7
hyperledger/solang-aqd,2023-10,2,1,3,0,1,0,0,0,0,0,0,0,0,0,0,7
hyperledger/web3j-maven-plugin,2024-04,2,0,2,0,3,0,0,0,0,0,0,0,0,0,0,7
hyperledger/web3j-sokt,2024-04,1,0,3,0,3,0,0,0,0,0,0,0,0,0,0,7
openwallet-foundation-labs/tuvali,2024-06,0,0,1,0,0,0,0,0,0,0,0,0,0,0,0,1
openwallet-foundation-labs/tuvali,2024-08,1,1,0,0,0,0,0,0,0,0,0,0,0,0,0,2
openwallet-foundation-labs/tuvali,2025-04,0,0,1,1,0,0,0,0,0,0,0,0,0,0,0,2
openwallet-foundation-labs/tuvali,2025-05,1,1,0,0,0,0,0,0,0,0,0,0,0,0,0,2
openwallet-foundation/.github,2024-03,1,1,1,0,1,0,0,0,0,0,0,0,0,0,0,4
openwallet-foundation/.github,2024-05,1,1,0,0,0,1,0,0,0,0,0,0,0,0,0,3
pq-code-package/mlkem-libjade,2024-03,2,2,2,0,1,0,0,0,0,0,0,0,0,0,0,7
LFDT-way/discord-stats,2026-05,0,6,0,0,0,0,0,0,0,0,0,0,0,0,0,6
LFDT-web3j/governance,2025-08,2,1,1,0,1,0,0,0,0,0,0,0,0,0,0,5
LFDT-web3j/governance,2025-11,0,0,0,0,1,0,0,0,0,0,0,0,0,0,0,1
OpenVTC/governance,2026-03,0,1,1,0,1,0,0,0,0,0,0,0,0,0,0,3
OpenVTC/governance,2026-05,0,1,1,0,1,0,0,0,0,0,0,0,0,0,0,3
credebl/.github,2025-01,0,0,0,0,1,2,0,0,0,0,0,0,0,0,0,3
credebl/.github,2025-02,0,0,0,0,0,1,0,0,0,0,0,0,0,0,0,1
credebl/.github,2025-11,1,0,1,0,0,0,0,0,0,0,0,0,0,0,0,2
hyperledger-labs/acapy-java-client,2021-05,0,0,1,0,0,0,0,0,0,0,0,0,0,0,0,1
hyperledger-labs/acapy-java-client,2021-08,0,0,1,0,1,0,0,0,0,0,0,0,0,0,0,2
hyperledger-labs/acapy-java-client,2023-01,1,0,1,0,1,0,0,0,0,0,0,0,0,0,0,3
hyperledger-labs/business-partner-agent-chart,2021-05,0,1,3,0,0,0,0,0,0,0,0,0,0,0,0,4
hyperledger-labs/business-partner-agent-chart,2023-05,0,0,0,1,0,0,1,0,0,0,0,0,0,0,0,2
hyperledger-labs/ethercluster,2019-12,2,1,2,0,0,0,0,1,0,0,0,0,0,0,0,6
hyperledger-labs/fabric-consortium-management,2019-08,2,1,2,0,0,0,0,1,0,0,0,0,0,0,0,6
hyperledger-labs/fabric-lightweight-client,2019-08,2,1,2,0,0,0,0,1,0,0,0,0,0,0,0,6
hyperledger-labs/fabric-patient-consent,2019-10,2,1,2,0,0,0,0,1,0,0,0,0,0,0,0,6
hyperledger-labs/fabric-private-chaincode-wasm,2020-09,2,1,0,0,0,0,0,1,0,0,0,0,0,0,0,4
hyperledger-labs/fabric-private-chaincode-wasm,2021-01,0,0,1,0,1,0,0,0,0,0,0,0,0,0,0,2
hyperledger-labs/go-perun,2020-12,0,0,0,0,0,0,1,0,0,0,0,0,0,0,0,1
hyperledger-labs/go-perun,2021-02,0,0,0,1,0,0,0,0,0,0,0,0,0,0,0,1
hyperledger-labs/go-perun,2025-01,1,2,0,0,1,0,0,0,0,0,0,0,0,0,0,4
hyperledger-labs/mirbft,2021-04,0,0,1,0,1,0,0,0,0,0,0,0,0,0,0,2
hyperledger-labs/mirbft,2023-01,2,0,1,0,1,0,0,0,0,0,0,0,0,0,0,4
hyperledger-labs/perun-cosmwasm-backend,2023-01,2,0,1,0,1,0,0,0,0,0,0,0,0,0,0,4
hyperledger-labs/perun-cosmwasm-backend,2025-01,1,0,0,0,1,0,0,0,0,0,0,0,0,0,0,2
hyperledger-labs/perun-credential-payment,2023-01,2,0,1,0,1,0,0,0,0,0,0,0,0,0,0,4
hyperledger-labs/perun-credential-payment,2025-01,1,1,0,0,0,0,0,0,0,0,0,0,0,0,0,2
hyperledger-labs/perun-doc,2021-03,0,0,0,0,0,1,0,0,1,0,0,0,0,0,0,2
hyperledger-labs/perun-doc,2023-01,2,0,1,0,1,0,0,0,0,0,0,0,0,0,0,4
hyperledger-labs/perun-eth-backend,2023-01,1,0,1,0,1,0,0,0,0,0,0,0,0,0,0,3
hyperledger-labs/perun-eth-backend,2025-01,1,1,0,0,1,0,0,0,0,0,0,0,0,0,0,3
hyperledger-labs/sawtooth-poet2,2019-08,2,2,2,0,0,0,0,0,0,0,0,0,0,0,0,6
hyperledger-labs/toc-eligibility-check,2023-03,0,3,0,0,0,0,0,0,0,0,0,0,0,0,0,3
hyperledger-labs/toc-eligibility-check,2023-10,0,3,0,0,0,0,0,0,0,0,0,0,0,0,0,3
hyperledger-labs/trusted-compute-framework,2019-06,2,1,2,0,0,0,0,1,0,0,0,0,0,0,0,6
hyperledger-solang/solang,2024-09,1,1,0,2,0,1,0,0,0,0,0,0,0,0,0,5
hyperledger-solang/solang,2024-10,0,0,0,1,0,0,0,0,0,0,0,0,0,0,0,1
hyperledger/anoncreds-spec,2023-04,0,2,0,0,0,0,0,0,0,0,0,0,0,0,0,2
hyperledger/anoncreds-spec,2023-05,1,0,1,0,1,0,0,0,0,0,0,0,0,0,0,3
hyperledger/anoncreds-spec,2025-12,0,0,0,0,0,0,0,0,0,1,0,0,0,0,0,1
hyperledger/anoncreds-tex,2023-11,2,1,1,0,1,0,0,0,0,0,0,0,0,0,0,5
hyperledger/anoncreds-tex,2025-01,0,1,0,0,0,0,0,0,0,0,0,0,0,0,0,1
hyperledger/aries-acapy-docs,2023-01,2,0,3,0,1,0,0,0,0,0,0,0,0,0,0,6
hyperledger/aries-bbs-go,2024-03,0,1,2,0,0,0,0,0,0,0,0,0,0,0,0,3
hyperledger/aries-bbs-go,2025-11,0,0,0,0,3,0,0,0,0,0,0,0,0,0,0,3
hyperledger/aries-mobileagent-xamarin-repo,2020-03,2,1,2,0,0,0,0,1,0,0,0,0,0,0,0,6
hyperledger/aries-wallet,2019-09,3,1,2,0,0,0,0,0,0,0,0,0,0,0,0,6
hyperledger/composer-concerto,2019-07,1,1,0,0,0,0,0,0,0,0,0,0,0,0,0,2
hyperledger/composer-concerto,2019-08,2,2,0,0,0,0,0,0,0,0,0,0,0,0,0,4
hyperledger/composer-sample-networks,2017-10,2,0,0,0,0,0,0,1,0,0,0,0,0,0,0,3
hyperledger/composer-sample-networks,2018-08,1,1,0,0,0,0,0,1,0,0,0,0,0,0,0,3
hyperledger/firefly-common,2022-05,0,2,3,0,0,0,0,0,0,0,0,0,0,0,0,5
hyperledger/firefly-common,2023-02,0,0,0,1,0,0,0,0,0,0,0,0,0,0,0,1
hyperledger/firefly-sandbox,2022-04,2,2,0,0,1,0,0,0,0,0,0,0,0,0,0,5
hyperledger/firefly-sandbox,2023-05,1,0,0,0,0,0,0,0,0,0,0,0,0,0,0,1
hyperledger/firefly-signer,2022-04,1,1,3,0,1,0,0,0,0,0,0,0,0,0,0,6
hyperledger/grid-contrib,2019-09,1,0,0,0,0,0,0,0,0,0,0,0,0,0,0,1
hyperledger/grid-contrib,2023-03,2,2,1,0,0,0,0,0,0,0,0,0,0,0,0,5
hyperledger/identus-apollo,2024-07,1,1,1,0,0,0,0,0,0,0,0,0,0,0,0,3
hyperledger/identus-apollo,2025-01,1,1,1,0,0,0,0,0,0,0,0,0,0,0,0,3
hyperledger/indy-agent,2019-09,1,0,0,0,0,0,0,0,0,0,0,0,0,0,0,1
hyperledger/indy-agent,2020-04,1,0,0,3,0,0,0,1,0,0,0,0,0,0,0,5
hyperledger/indy-post-install-automation,2018-01,2,0,2,0,0,0,0,1,0,0,0,0,0,0,0,5
hyperledger/indy-post-install-automation,2018-08,0,1,0,0,0,0,0,0,0,0,0,0,0,0,0,1
hyperledger/indy-shared-gha,2022-03,2,2,1,0,0,0,0,0,0,0,0,0,0,0,0,5
hyperledger/indy-shared-gha,2024-02,0,0,0,0,0,1,0,0,0,0,0,0,0,0,0,1
hyperledger/iroha-2-examples,2023-09,2,1,2,0,1,0,0,0,0,0,0,0,0,0,0,6
hyperledger/iroha-api,2017-09,0,0,2,0,0,0,0,0,0,0,0,0,0,0,0,2
hyperledger/iroha-api,2017-10,2,0,0,0,0,0,0,1,0,0,0,0,0,0,0,3
hyperledger/iroha-api,2018-08,0,1,0,0,0,0,0,0,0,0,0,0,0,0,0,1
hyperledger/iroha-network-tools,2017-10,4,0,0,0,0,0,0,2,0,0,0,0,0,0,0,6
hyperledger/iroha-news,2023-11,2,1,2,0,1,0,0,0,0,0,0,0,0,0,0,6
hyperledger/quilt-crypto-conditions,2017-10,2,0,2,0,0,0,0,1,0,0,0,0,0,0,0,5
hyperledger/quilt-crypto-conditions,2018-08,0,1,0,0,0,0,0,0,0,0,0,0,0,0,0,1
hyperledger/sawtooth-hyper-directory,2017-11,2,0,2,0,0,0,0,1,0,0,0,0,0,0,0,5
hyperledger/sawtooth-hyper-directory,2018-03,0,0,0,0,0,0,0,1,0,0,0,0,0,0,0,1
hyperledger/sawtooth-poet,2019-09,1,0,0,0,0,0,0,0,0,0,0,0,0,0,0,1
hyperledger/sawtooth-poet,2024-01,0,0,1,0,0,0,0,0,0,0,0,0,0,0,0,1
hyperledger/sawtooth-poet,2024-02,1,2,0,1,0,0,0,0,0,0,0,0,0,0,0,4
hyperledger/transact-sdk-go,2019-09,2,0,0,0,0,0,0,0,0,0,0,0,0,0,0,2
hyperledger/transact-sdk-go,2023-04,1,0,1,0,0,0,0,0,0,0,0,0,0,0,0,2
hyperledger/transact-sdk-go,2023-05,1,0,0,0,1,0,0,0,0,0,0,0,0,0,0,2
hyperledger/web3j-cli,2024-04,1,0,2,0,3,0,0,0,0,0,0,0,0,0,0,6
hyperledger/web3j-evm,2024-04,2,0,3,0,1,0,0,0,0,0,0,0,0,0,0,6
hyperledger/web3j-unit,2024-04,2,0,2,0,2,0,0,0,0,0,0,0,0,0,0,6
open-quantum-safe/liboqs-rust,2024-03,2,0,1,0,1,0,0,0,0,0,0,0,0,0,0,4
open-quantum-safe/liboqs-rust,2026-03,0,1,1,0,0,0,0,0,0,0,0,0,0,0,0,2
openwallet-foundation/OID4VC-due-diligence-tf,2023-08,0,0,0,0,6,0,0,0,0,0,0,0,0,0,0,6
openwallet-foundation/agent-framework-javascript-ext,2023-11,0,1,0,0,0,0,0,0,0,0,0,0,0,0,0,1
openwallet-foundation/agent-framework-javascript-ext,2024-01,2,1,1,0,1,0,0,0,0,0,0,0,0,0,0,5
LFDT-Hiero/website,2024-08,0,0,1,0,0,0,0,0,0,0,0,0,0,0,0,1
LFDT-Hiero/website,2024-09,1,1,0,0,0,1,0,0,0,0,0,0,0,0,0,3
LFDT-Hiero/website,2024-10,0,0,0,1,0,0,0,0,0,0,0,0,0,0,0,1
LFDT-Minokawa/compact,2026-01,0,2,0,1,0,1,0,0,0,0,0,0,1,0,0,5
anoncreds/anoncreds-spec-v2,2025-12,2,0,0,1,1,0,0,1,0,0,0,0,0,0,0,5
hiero-ledger/hiero-consensus-node,2025-07,1,1,1,1,1,0,0,0,0,0,0,0,0,0,0,5
hiero-ledger/hiero-local-node,2025-04,2,1,1,0,1,0,0,0,0,0,0,0,0,0,0,5
hyperledger-cacti/.github,2025-11,1,1,0,0,0,0,0,0,0,0,0,0,0,0,0,2
hyperledger-cacti/.github,2026-02,0,1,0,0,1,1,0,0,0,0,0,0,0,0,0,3
hyperledger-labs/Media-Tracking-Platform-to-Tackle-Online-Piracy,2022-04,1,1,2,0,1,0,0,0,0,0,0,0,0,0,0,5
hyperledger-labs/PerformanceSandBox,2022-03,0,0,0,2,0,0,0,0,0,0,0,0,0,0,0,2
hyperledger-labs/PerformanceSandBox,2022-08,0,0,0,1,0,0,0,0,0,0,0,0,0,0,0,1
hyperledger-labs/PerformanceSandBox,2023-11,1,1,0,0,0,0,0,0,0,0,0,0,0,0,0,2
hyperledger-labs/blockchain-integration-framework,2020-01,0,0,0,0,0,0,0,1,0,0,0,0,0,0,0,1
hyperledger-labs/blockchain-integration-framework,2020-04,1,0,0,0,0,0,0,1,0,0,0,0,0,0,0,2
hyperledger-labs/blockchain-integration-framework,2020-05,1,1,0,0,0,0,0,0,0,0,0,0,0,0,0,2
hyperledger-labs/cardea-health-issuer-ui,2023-04,2,1,1,0,1,0,0,0,0,0,0,0,0,0,0,5
hyperledger-labs/cardea-primary-verifier-controller,2023-04,2,1,1,0,1,0,0,0,0,0,0,0,0,0,0,5
hyperledger-labs/cardea-primary-verifier-ui,2023-04,2,1,1,0,1,0,0,0,0,0,0,0,0,0,0,5
hyperledger-labs/cardea-secondary-verifier-ui,2023-04,2,1,1,0,1,0,0,0,0,0,0,0,0,0,0,5
hyperledger-labs/cordentity,2022-04,2,1,1,0,1,0,0,0,0,0,0,0,0,0,0,5
hyperledger-labs/dancap,2020-03,2,0,0,0,0,0,0,1,0,0,0,0,0,0,0,3
hyperledger-labs/dancap,2021-07,0,0,1,0,1,0,0,0,0,0,0,0,0,0,0,2
hyperledger-labs/fabric-chaincode-haskell,2020-05,2,0,0,0,0,0,0,1,0,0,0,0,0,0,0,3
hyperledger-labs/fabric-chaincode-haskell,2021-07,0,0,1,0,1,0,0,0,0,0,0,0,0,0,0,2
hyperledger-labs/fabric-docs-cn,2020-06,2,1,0,0,0,0,0,2,0,0,0,0,0,0,0,5
hyperledger-labs/firefly-fabconnect,2021-07,2,0,1,0,2,0,0,0,0,0,0,0,0,0,0,5
hyperledger-labs/hlf-connector,2022-02,2,0,1,0,1,0,0,0,0,0,0,0,0,0,0,4
hyperledger-labs/hlf-connector,2023-05,0,1,0,0,0,0,0,0,0,0,0,0,0,0,0,1
hyperledger-labs/hlf-operator,2022-04,2,1,1,0,1,0,0,0,0,0,0,0,0,0,0,5
hyperledger-labs/private-transaction-families,2021-02,0,0,1,0,0,0,0,0,0,0,0,0,0,0,0,1
hyperledger-labs/private-transaction-families,2022-04,2,1,1,0,0,0,0,0,0,0,0,0,0,0,0,4
hyperledger-labs/sunyar-fabric,2022-08,0,1,2,0,0,0,0,0,0,0,0,0,0,0,0,3
hyperledger-labs/sunyar-fabric,2023-11,1,1,0,0,0,0,0,0,0,0,0,0,0,0,0,2
hyperledger-labs/yui-corda-ibc,2021-06,2,1,1,0,1,0,0,0,0,0,0,0,0,0,0,5
hyperledger-labs/yui-fabric-ibc,2021-06,2,1,1,0,1,0,0,0,0,0,0,0,0,0,0,5
hyperledger-labs/yui-ibc-solidity,2021-06,2,1,1,0,1,0,0,0,0,0,0,0,0,0,0,5
hyperledger-labs/yui-relayer,2021-06,2,1,1,0,1,0,0,0,0,0,0,0,0,0,0,5
hyperledger/acapy-wallet-upgrade,2023-02,2,1,2,0,0,0,0,0,0,0,0,0,0,0,0,5
hyperledger/aries-acapy-wallet-upgrade,2023-02,0,0,0,0,1,0,0,0,0,0,0,0,0,0,0,1
hyperledger/aries-acapy-wallet-upgrade,2023-03,1,1,0,1,0,1,0,0,0,0,0,0,0,0,0,4
hyperledger/aries-ams-postgres,2019-10,2,0,2,0,0,0,0,1,0,0,0,0,0,0,0,5
hyperledger/aries-ams-sqlite,2019-10,2,0,2,0,0,0,0,1,0,0,0,0,0,0,0,5
hyperledger/aries-core,2019-10,2,0,2,0,0,0,0,1,0,0,0,0,0,0,0,5
hyperledger/aries-dri,2019-10,2,0,2,0,0,0,0,1,0,0,0,0,0,0,0,5
hyperledger/aries-dri-peer,2019-10,2,0,2,0,0,0,0,1,0,0,0,0,0,0,0,5
hyperledger/aries-mobile-agent-xamarin,2021-09,0,0,1,0,1,0,0,0,0,0,0,0,0,0,0,2
hyperledger/aries-mobile-agent-xamarin,2023-03,0,3,0,0,0,0,0,0,0,0,0,0,0,0,0,3
hyperledger/aries-sdk-dotnet,2019-06,2,0,1,0,0,0,0,1,0,0,0,0,0,0,0,4
hyperledger/aries-sdk-dotnet,2019-09,1,0,0,0,0,0,0,0,0,0,0,0,0,0,0,1
hyperledger/composer-sample-models,2017-10,2,0,0,0,0,0,0,2,0,0,0,0,0,0,0,4
hyperledger/composer-sample-models,2018-08,0,1,0,0,0,0,0,0,0,0,0,0,0,0,0,1
hyperledger/composer-tools,2017-10,2,0,0,0,0,0,0,2,0,0,0,0,0,0,0,4
hyperledger/composer-tools,2018-08,0,1,0,0,0,0,0,0,0,0,0,0,0,0,0,1
hyperledger/education-cryptobunnies,2018-02,2,0,2,0,0,0,0,1,0,0,0,0,0,0,0,5
hyperledger/fabric-private-chaincode,2021-04,2,1,1,0,1,0,0,0,0,0,0,0,0,0,0,5
hyperledger/firefly-perf-cli,2021-12,2,1,1,0,1,0,0,0,0,0,0,0,0,0,0,5
hyperledger/firefly-transaction-manager,2022-04,2,1,1,0,1,0,0,0,0,0,0,0,0,0,0,5
hyperledger/grid-rfcs,2019-09,1,0,0,0,0,0,0,0,0,0,0,0,0,0,0,1
hyperledger/grid-rfcs,2023-03,2,2,0,0,0,0,0,0,0,0,0,0,0,0,0,4
hyperledger/homebrew-solang,2023-02,1,1,0,2,0,1,0,0,0,0,0,0,0,0,0,5
hyperledger/indy-cli-rs,2023-01,1,1,2,0,0,1,0,0,0,0,0,0,0,0,0,5
hyperledger/indy-dri-aries,2019-10,2,0,2,0,0,0,0,1,0,0,0,0,0,0,0,5
hyperledger/indy-rfc,2018-02,2,0,2,0,0,0,0,1,0,0,0,0,0,0,0,5
hyperledger/iroha-deploy,2019-04,1,0,1,0,0,0,0,1,0,0,0,0,0,0,0,3
hyperledger/iroha-deploy,2019-09,1,0,0,0,0,0,0,0,0,0,0,0,0,0,0,1
hyperledger/iroha-deploy,2021-06,0,0,1,0,0,0,0,0,0,0,0,0,0,0,0,1
hyperledger/perf-and-scale-wg,2020-03,2,0,0,0,0,0,0,1,0,0,0,0,0,0,0,3
hyperledger/perf-and-scale-wg,2021-01,0,0,1,0,1,0,0,0,0,0,0,0,0,0,0,2
hyperledger/sawtooth-lib,2024-01,1,0,1,0,0,0,0,0,0,0,0,0,0,0,0,2
hyperledger/sawtooth-lib,2024-02,1,1,0,1,0,0,0,0,0,0,0,0,0,0,0,3
hyperledger/sawtooth-website,2018-03,2,0,2,0,0,0,0,1,0,0,0,0,0,0,0,5
hyperledger/transact-sdk-javascript,2023-04,1,0,1,0,0,0,0,0,0,0,0,0,0,0,0,2
hyperledger/transact-sdk-javascript,2023-05,1,0,0,0,2,0,0,0,0,0,0,0,0,0,0,3
hyperledger/turbo-palm-tree,2021-04,0,2,2,0,0,0,0,1,0,0,0,0,0,0,0,5
hyperledger/web3j-build-tools,2024-04,0,0,3,0,2,0,0,0,0,0,0,0,0,0,0,5
open-quantum-safe/openssh,2024-03,0,0,1,0,1,0,0,0,0,0,0,0,0,0,0,2
open-quantum-safe/openssh,2024-08,0,0,0,3,0,0,0,0,0,0,0,0,0,0,0,3
openwallet-foundation-labs/dcql-ts,2025-01,2,1,1,0,1,0,0,0,0,0,0,0,0,0,0,5
openwallet-foundation/credo-ts,2024-01,0,0,0,0,1,0,0,0,0,0,1,0,0,0,0,2
openwallet-foundation/credo-ts,2025-01,1,0,1,0,0,0,0,0,0,0,0,0,0,0,0,2
openwallet-foundation/credo-ts,2026-03,0,0,0,0,1,0,0,0,0,0,0,0,0,0,0,1
openwallet-foundation/owl-mobile-wallet-test-harness,2025-01,2,1,1,0,1,0,0,0,0,0,0,0,0,0,0,5
pq-code-package/governance,2024-03,1,0,2,0,2,0,0,0,0,0,0,0,0,0,0,5
LF-Decentralized-Trust-labs/cbweb3,2025-04,0,0,1,0,0,0,0,0,0,0,0,0,0,0,0,1
LF-Decentralized-Trust-labs/cbweb3,2025-08,1,0,0,0,1,1,0,0,0,0,0,0,0,0,0,3
PQCA/calendar,2024-04,0,1,3,0,0,0,0,0,0,0,0,0,0,0,0,4
PQCA/cbomkit-action,2025-05,1,0,1,0,1,0,0,0,0,0,0,0,0,0,0,3
PQCA/cbomkit-action,2025-07,0,0,0,1,0,0,0,0,0,0,0,0,0,0,0,1
PQCA/sonar-cryptography,2025-05,1,0,1,0,0,0,0,0,0,0,0,0,0,0,0,2
PQCA/sonar-cryptography,2025-06,0,1,0,1,0,0,0,0,0,0,0,0,0,0,0,2
anoncreds/anoncreds-spec,2025-12,0,0,0,0,2,0,0,1,0,0,0,0,0,0,0,3
anoncreds/anoncreds-spec,2026-01,0,0,0,0,0,1,0,0,0,0,0,0,0,0,0,1
hyperledger-anoncreds/governance,2025-03,0,0,2,0,0,0,0,0,0,0,0,0,0,0,0,2
hyperledger-anoncreds/governance,2025-11,0,0,1,0,1,0,0,0,0,0,0,0,0,0,0,2
hyperledger-cello/cello,2025-07,0,1,0,3,0,0,0,0,0,0,0,0,0,0,0,4
hyperledger-identus/.github,2025-07,0,0,2,0,0,0,0,0,0,0,0,0,0,0,0,2
hyperledger-identus/.github,2025-11,1,1,0,0,0,0,0,0,0,0,0,0,0,0,0,2
hyperledger-labs/Crosschain-Interop,2023-06,1,2,1,0,0,0,0,0,0,0,0,0,0,0,0,4
hyperledger-labs/business-partner-agent-acapy-chart,2021-05,0,1,3,0,0,0,0,0,0,0,0,0,0,0,0,4
hyperledger-labs/cardea-health-issuer-controller,2023-04,2,1,1,0,0,0,0,0,0,0,0,0,0,0,0,4
hyperledger-labs/fabric-builder-k8s,2022-07,1,1,0,0,0,0,0,0,0,0,0,0,0,0,0,2
hyperledger-labs/fabric-builder-k8s,2022-08,0,0,0,0,0,0,1,0,0,0,0,0,0,0,0,1
hyperledger-labs/fabric-builder-k8s,2024-10,0,0,0,0,0,1,0,0,0,0,0,0,0,0,0,1
hyperledger-labs/fabric-chaincode-ocaml,2023-01,2,0,1,0,1,0,0,0,0,0,0,0,0,0,0,4
hyperledger-labs/fabric-channeled-add-ons-gen,2023-01,2,0,1,0,1,0,0,0,0,0,0,0,0,0,0,4
hyperledger-labs/fabric-vms-provision,2018-10,2,0,1,0,0,0,0,1,0,0,0,0,0,0,0,4
hyperledger-labs/firefly-cli,2021-06,2,0,1,0,1,0,0,0,0,0,0,0,0,0,0,4
hyperledger-labs/firefly-cordaconnect,2021-06,2,0,1,0,1,0,0,0,0,0,0,0,0,0,0,4
hyperledger-labs/firefly-dataexchange-https,2021-06,2,0,1,0,1,0,0,0,0,0,0,0,0,0,0,4
hyperledger-labs/firefly-ethconnect,2021-06,2,0,1,0,1,0,0,0,0,0,0,0,0,0,0,4
hyperledger-labs/firefly-samples,2021-06,2,0,1,0,1,0,0,0,0,0,0,0,0,0,0,4
hyperledger-labs/firefly-tokens-erc1155,2021-08,2,0,1,0,1,0,0,0,0,0,0,0,0,0,0,4
hyperledger-labs/firefly-ui,2021-06,2,0,1,0,1,0,0,0,0,0,0,0,0,0,0,4
hyperledger-labs/perun-cosmwasm-contract,2023-01,2,0,1,0,1,0,0,0,0,0,0,0,0,0,0,4
hyperledger-labs/sawtooth-patient-consent,2019-10,2,1,0,0,0,0,0,1,0,0,0,0,0,0,0,4
hyperledger-labs/weaver-dlt-interoperability,2021-03,1,0,1,0,0,0,0,0,0,0,0,0,0,0,0,2
hyperledger-labs/weaver-dlt-interoperability,2021-04,1,1,0,0,0,0,0,0,0,0,0,0,0,0,0,2
hyperledger-labs/zeto,2024-12,1,0,0,1,1,1,0,0,0,0,0,0,0,0,0,4
hyperledger/anoncreds-wrapper-javascript,2025-01,0,0,3,0,1,0,0,0,0,0,0,0,0,0,0,4
hyperledger/aries-fabric-wrapper,2022-03,2,0,1,0,1,0,0,0,0,0,0,0,0,0,0,4
hyperledger/aries-framework-kotlin,2023-08,1,2,1,0,0,0,0,0,0,0,0,0,0,0,0,4
hyperledger/aries-rfc,2019-05,2,1,0,0,0,0,0,1,0,0,0,0,0,0,0,4
hyperledger/ci-management,2018-02,0,0,0,0,2,0,0,0,0,0,0,0,0,0,0,2
hyperledger/ci-management,2019-02,0,0,0,0,0,0,0,0,0,1,0,0,0,0,0,1
hyperledger/ci-management,2020-01,1,0,0,0,0,0,0,0,0,0,0,0,0,0,0,1
hyperledger/composer-sample-applications,2017-10,2,0,0,0,0,0,0,1,0,0,0,0,0,0,0,3
hyperledger/composer-sample-applications,2018-08,0,1,0,0,0,0,0,0,0,0,0,0,0,0,0,1
hyperledger/grid-docs,2023-03,2,1,1,0,0,0,0,0,0,0,0,0,0,0,0,4
hyperledger/indy-bls-wrapper-python,2023-06,2,1,0,0,0,0,0,1,0,0,0,0,0,0,0,4
hyperledger/indy-test-automation,2019-09,2,1,0,0,0,0,0,0,0,0,0,0,0,0,0,3
hyperledger/indy-test-automation,2025-01,0,0,0,1,0,0,0,0,0,0,0,0,0,0,0,1
hyperledger/libiroha,2018-08,2,1,0,0,0,0,0,1,0,0,0,0,0,0,0,4
open-quantum-safe/.github,2024-03,2,0,1,0,1,0,0,0,0,0,0,0,0,0,0,4
open-quantum-safe/liboqs-cpp,2024-03,2,0,1,0,1,0,0,0,0,0,0,0,0,0,0,4
open-quantum-safe/liboqs-go,2024-03,2,0,1,0,1,0,0,0,0,0,0,0,0,0,0,4
openwallet-foundation-labs/fwos-native-template,2023-11,2,0,1,0,1,0,0,0,0,0,0,0,0,0,0,4
openwallet-foundation/agent-javascript-docs,2024-01,2,1,1,0,0,0,0,0,0,0,0,0,0,0,0,4
openwallet-foundation/askar-wrapper-js-rn,2024-11,1,1,2,0,0,0,0,0,0,0,0,0,0,0,0,4
Hyperledger-TWGC/ccs-gm,2020-09,2,0,0,0,0,0,0,1,0,0,0,0,0,0,0,3
Hyperledger-TWGC/fabric-gm-wiki,2020-09,2,0,0,0,0,0,0,1,0,0,0,0,0,0,0,3
Hyperledger-TWGC/fabric-performance-wiki,2020-09,2,0,0,0,0,0,0,1,0,0,0,0,0,0,0,3
Hyperledger-TWGC/grpc-gm,2020-09,2,0,0,0,0,0,0,1,0,0,0,0,0,0,0,3
Hyperledger-TWGC/node-gm,2020-09,2,0,0,0,0,0,0,1,0,0,0,0,0,0,0,3
LF-Decentralized-Trust-labs/aries-framework-kotlin,2025-04,1,1,0,0,1,0,0,0,0,0,0,0,0,0,0,3
LF-Decentralized-Trust-labs/contributors-site,2025-08,0,0,1,0,0,0,0,0,0,0,0,0,0,0,0,1
LF-Decentralized-Trust-labs/contributors-site,2025-11,1,0,1,0,0,0,0,0,0,0,0,0,0,0,0,2
LF-Decentralized-Trust/maintainer-days,2026-01,0,0,0,0,0,0,0,0,0,0,0,0,3,0,0,3
LF-Decentralized-Trust/tac,2024-09,0,1,2,0,0,0,0,0,0,0,0,0,0,0,0,3
LFDT-Paladin/.github,2025-10,0,1,1,0,0,0,0,0,0,0,0,0,0,0,0,2
LFDT-Paladin/.github,2025-11,0,0,0,0,0,1,0,0,0,0,0,0,0,0,0,1
LFDT-Paladin/governance,2025-10,0,0,1,0,0,0,0,0,0,0,0,0,0,0,0,1
LFDT-Paladin/governance,2025-11,1,0,0,0,0,0,0,0,0,0,0,0,0,0,0,1
LFDT-Paladin/governance,2026-01,0,0,0,0,0,1,0,0,0,0,0,0,0,0,0,1
LFDT-Regional-Chapters/LFDT-India-Chapter,2025-05,0,1,2,0,0,0,0,0,0,0,0,0,0,0,0,3
LFDT-Regional-Chapters/LFDT-Japan-Chapter,2025-05,0,1,2,0,0,0,0,0,0,0,0,0,0,0,0,3
OpenReagent/governance,2026-03,0,2,0,0,1,0,0,0,0,0,0,0,0,0,0,3
PQCA/documentation,2024-06,0,2,0,0,0,0,0,0,0,0,0,0,0,0,0,2
PQCA/documentation,2024-07,0,1,0,0,0,0,0,0,0,0,0,0,0,0,0,1
PQCA/wg-tooling,2025-01,0,0,1,0,0,0,0,0,0,0,0,0,0,0,0,1
PQCA/wg-tooling,2025-05,0,0,0,2,0,0,0,0,0,0,0,0,0,0,0,2
PQCA/wiki,2025-05,0,1,2,0,0,0,0,0,0,0,0,0,0,0,0,3
anoncreds/anoncreds-methods-registry,2025-12,0,0,0,0,2,0,0,1,0,0,0,0,0,0,0,3
cbomkit/governance,2025-10,0,0,1,0,0,0,0,0,0,0,0,0,0,0,0,1
cbomkit/governance,2025-11,1,0,0,0,1,0,0,0,0,0,0,0,0,0,0,2
hiero-ledger/hiero-did-sdk-python,2025-03,0,0,0,0,0,3,0,0,0,0,0,0,0,0,0,3
hyperledger-identus/mediator,2025-02,0,0,1,0,0,0,0,0,0,0,0,1,0,0,0,2
hyperledger-identus/mediator,2026-02,0,1,0,0,0,0,0,0,0,0,0,0,0,0,0,1
hyperledger-labs/Fabric-Token-Java-SDK,2023-12,0,1,2,0,0,0,0,0,0,0,0,0,0,0,0,3
hyperledger-labs/TDIDN,2023-12,0,1,2,0,0,0,0,0,0,0,0,0,0,0,0,3
hyperledger-labs/agora-glass_pumpkin,2023-11,1,0,1,0,1,0,0,0,0,0,0,0,0,0,0,3
hyperledger-labs/agora-unknown_order,2023-11,1,1,0,0,1,0,0,0,0,0,0,0,0,0,0,3
hyperledger-labs/benchmarking-cross-chain-bridge-aggregators,2024-06,0,0,0,2,0,0,1,0,0,0,0,0,0,0,0,3
hyperledger-labs/benchmarking-cross-chain-bridges,2023-07,0,1,2,0,0,0,0,0,0,0,0,0,0,0,0,3
hyperledger-labs/blockchain-verifier,2023-01,2,0,0,0,1,0,0,0,0,0,0,0,0,0,0,3
hyperledger-labs/fabric-smart-client,2021-05,0,1,2,0,0,0,0,0,0,0,0,0,0,0,0,3
hyperledger-labs/ghit,2019-08,0,0,2,0,0,0,0,0,0,1,0,0,0,0,0,3
hyperledger-labs/mosaique-decentralized-workflows,2022-08,0,1,2,0,0,0,0,0,0,0,0,0,0,0,0,3
hyperledger-labs/neferti,2022-11,1,1,0,0,0,0,0,0,0,0,0,0,0,0,0,2
hyperledger-labs/neferti,2023-11,0,1,0,0,0,0,0,0,0,0,0,0,0,0,0,1
hyperledger-labs/pdo-contracts,2023-06,0,1,2,0,0,0,0,0,0,0,0,0,0,0,0,3
hyperledger-labs/solang-playground,2024-01,0,1,2,0,0,0,0,0,0,0,0,0,0,0,0,3
hyperledger/anoncreds,2024-08,0,1,2,0,0,0,0,0,0,0,0,0,0,0,0,3
hyperledger/anoncreds-revocation,2023-07,0,1,2,0,0,0,0,0,0,0,0,0,0,0,0,3
hyperledger/aries-endorser-service,2022-11,1,1,1,0,0,0,0,0,0,0,0,0,0,0,0,3
hyperledger/cello-k8s-operator,2017-10,2,0,0,0,0,0,0,1,0,0,0,0,0,0,0,3
hyperledger/credx,2023-10,2,0,1,0,0,0,0,0,0,0,0,0,0,0,0,3
hyperledger/fabric-x-common,2025-07,2,0,0,0,1,0,0,0,0,0,0,0,0,0,0,3
hyperledger/fabric-x-endorser,2025-07,1,1,0,0,1,0,0,0,0,0,0,0,0,0,0,3
hyperledger/firefly-cardano,2025-03,1,0,1,1,0,0,0,0,0,0,0,0,0,0,0,3
hyperledger/firefly-helm-charts,2022-01,0,1,0,0,0,0,0,0,0,0,0,0,0,0,0,1
hyperledger/firefly-helm-charts,2022-04,2,0,0,0,0,0,0,0,0,0,0,0,0,0,0,2
hyperledger/firefly-samples,2025-06,0,3,0,0,0,0,0,0,0,0,0,0,0,0,0,3
hyperledger/grid-website,2019-08,1,0,0,0,0,0,0,0,0,0,0,0,0,0,0,1
hyperledger/grid-website,2019-09,2,0,0,0,0,0,0,0,0,0,0,0,0,0,0,2
hyperledger/identus-edge-agent-sdk-ts,2025-01,1,1,1,0,0,0,0,0,0,0,0,0,0,0,0,3
hyperledger/identus-keycloak-plugins,2024-06,0,1,2,0,0,0,0,0,0,0,0,0,0,0,0,3
hyperledger/identus-vdr,2024-10,0,1,2,0,0,0,0,0,0,0,0,0,0,0,0,3
hyperledger/sawtooth-dev-tools,2016-05,0,0,3,0,0,0,0,0,0,0,0,0,0,0,0,3
hyperledger/sawtooth-validator,2016-05,0,0,3,0,0,0,0,0,0,0,0,0,0,0,0,3
hyperledger/solang-substrate-ci,2023-06,1,0,0,0,1,0,1,0,0,0,0,0,0,0,0,3
hyperledger/web3j-solidity-gradle-plugin,2024-04,1,0,1,0,1,0,0,0,0,0,0,0,0,0,0,3
open-quantum-safe/boringssl,2024-03,0,0,0,0,1,0,0,0,0,0,0,0,0,0,0,1
open-quantum-safe/boringssl,2024-04,1,1,0,0,0,0,0,0,0,0,0,0,0,0,0,2
open-quantum-safe/liboqs-dotnet,2024-03,2,0,1,0,0,0,0,0,0,0,0,0,0,0,0,3
open-quantum-safe/liboqs-java,2024-03,1,0,1,0,1,0,0,0,0,0,0,0,0,0,0,3
open-quantum-safe/libssh,2024-03,1,0,1,0,1,0,0,0,0,0,0,0,0,0,0,3
open-quantum-safe/profiling,2024-03,1,0,1,0,1,0,0,0,0,0,0,0,0,0,0,3
openwallet-foundation-labs/eudi-wallet-kit-react-native,2024-05,1,1,1,0,0,0,0,0,0,0,0,0,0,0,0,3
openwallet-foundation-labs/tuvali-ios-swift,2024-07,0,0,1,0,0,0,0,0,0,0,0,0,0,0,0,1
openwallet-foundation-labs/tuvali-ios-swift,2024-08,1,1,0,0,0,0,0,0,0,0,0,0,0,0,0,2
openwallet-foundation/architecture-sig,2023-11,1,0,1,0,1,0,0,0,0,0,0,0,0,0,0,3
openwallet-foundation/askar,2024-12,1,0,1,1,0,0,0,0,0,0,0,0,0,0,0,3
pq-code-package/.github,2024-03,2,0,0,0,1,0,0,0,0,0,0,0,0,0,0,3
pq-code-package/mlkem-c-generic,2024-03,0,1,2,0,0,0,0,0,0,0,0,0,0,0,0,3
trustoverip/high-assurance-verifiable-identifiers,2026-03,0,0,0,0,3,0,0,0,0,0,0,0,0,0,0,3
trustoverip/spec-up-t,2025-10,0,0,0,3,0,0,0,0,0,0,0,0,0,0,0,3
Hyperledger-TWGC/net-go-gm,2025-03,1,0,0,0,1,0,0,0,0,0,0,0,0,0,0,2
LF-Decentralized-Trust-Mentorships/github-updates,2025-02,0,2,0,0,0,0,0,0,0,0,0,0,0,0,0,2
LF-Decentralized-Trust-labs/proof-of-process,2026-03,0,0,1,0,0,0,0,0,0,0,0,0,0,0,0,1
LF-Decentralized-Trust-labs/proof-of-process,2026-05,0,0,1,0,0,0,0,0,0,0,0,0,0,0,0,1
LF-Decentralized-Trust/LF-Decentralized-Trust,2024-10,0,0,2,0,0,0,0,0,0,0,0,0,0,0,0,2
LFDT-Paladin/paladin,2025-10,0,0,0,1,0,0,0,0,0,0,0,0,0,0,0,1
LFDT-Paladin/paladin,2025-11,0,1,0,0,0,0,0,0,0,0,0,0,0,0,0,1
LFDT-Regional-Chapters/LFDT-Brazil-Chapter,2025-05,0,0,2,0,0,0,0,0,0,0,0,0,0,0,0,2
LFDT-web3j/.github,2025-11,0,2,0,0,0,0,0,0,0,0,0,0,0,0,0,2
OpenVTC/dtg-credentials,2026-03,0,0,1,0,0,0,0,0,0,0,0,0,0,0,0,1
OpenVTC/dtg-credentials,2026-04,1,0,0,0,0,0,0,0,0,0,0,0,0,0,0,1
OpenVTC/openvtc,2026-04,0,0,0,0,0,0,2,0,0,0,0,0,0,0,0,2
PQCA/cbomkit-theia,2025-05,1,0,1,0,0,0,0,0,0,0,0,0,0,0,0,2
PQCA/wg-security,2024-05,0,0,0,1,0,0,0,0,0,0,0,0,0,0,0,1
PQCA/wg-security,2024-06,0,0,1,0,0,0,0,0,0,0,0,0,0,0,0,1
anoncreds/anoncreds-revocation,2025-12,0,0,0,0,2,0,0,0,0,0,0,0,0,0,0,2
anoncreds/anoncreds-rs,2025-12,0,1,0,0,1,0,0,0,0,0,0,0,0,0,0,2
anoncreds/anoncreds-wrapper-javascript,2025-12,0,2,0,0,0,0,0,0,0,0,0,0,0,0,0,2
cbomkit/tsc,2026-01,0,1,1,0,0,0,0,0,0,0,0,0,0,0,0,2
hiero-ledger/awesome-contributions,2025-05,0,0,0,0,1,1,0,0,0,0,0,0,0,0,0,2
hyperledger-archives/wiki-archive.hyperledger.org,2020-01,0,1,0,0,0,0,0,1,0,0,0,0,0,0,0,2
hyperledger-aries/governance,2025-03,0,0,1,0,0,0,0,0,0,0,0,0,0,0,0,1
hyperledger-aries/governance,2025-11,0,1,0,0,0,0,0,0,0,0,0,0,0,0,0,1
hyperledger-dlt-landscape/.github,2023-04,0,0,2,0,0,0,0,0,0,0,0,0,0,0,0,2
hyperledger-dlt-landscape/landscape,2023-04,1,0,1,0,0,0,0,0,0,0,0,0,0,0,0,2
hyperledger-foundation/fabric-ja_JP,2023-11,0,0,2,0,0,0,0,0,0,0,0,0,0,0,0,2
hyperledger-foundation/fabric-zh_CN,2023-11,0,0,2,0,0,0,0,0,0,0,0,0,0,0,0,2
hyperledger-iroha/.github,2025-11,0,1,1,0,0,0,0,0,0,0,0,0,0,0,0,2
hyperledger-iroha/iroha-java,2025-01,1,1,0,0,0,0,0,0,0,0,0,0,0,0,0,2
hyperledger-labs/besu-operator,2021-01,0,0,1,0,1,0,0,0,0,0,0,0,0,0,0,2
hyperledger-labs/blockchain-analyzer,2019-09,1,0,0,0,0,0,0,1,0,0,0,0,0,0,0,2
hyperledger-labs/cc-tools,2023-09,0,0,1,0,1,0,0,0,0,0,0,0,0,0,0,2
hyperledger-labs/fabric-chrome-extension,2019-07,1,1,0,0,0,0,0,0,0,0,0,0,0,0,0,2
hyperledger-labs/fabric-machine,2021-05,1,0,0,0,1,0,0,0,0,0,0,0,0,0,0,2
hyperledger-labs/fabric-opssc,2021-07,0,0,1,0,1,0,0,0,0,0,0,0,0,0,0,2
hyperledger-labs/fabric-token-sdk,2021-05,0,0,2,0,0,0,0,0,0,0,0,0,0,0,0,2
hyperledger-labs/fabric_private_chaincode_wasm,2020-09,0,0,2,0,0,0,0,0,0,0,0,0,0,0,0,2
hyperledger-labs/hyperledger-labs,2020-07,0,2,0,0,0,0,0,0,0,0,0,0,0,0,0,2
hyperledger-labs/perun-node,2021-08,0,0,0,0,0,1,0,0,0,0,0,0,0,0,0,1
hyperledger-labs/perun-node,2023-03,0,1,0,0,0,0,0,0,0,0,0,0,0,0,0,1
hyperledger-labs/stunning-journey,2023-02,1,0,1,0,0,0,0,0,0,0,0,0,0,0,0,2
hyperledger-solang/.github,2025-11,0,2,0,0,0,0,0,0,0,0,0,0,0,0,0,2
hyperledger-web3j/web3j-sokt,2025-02,1,0,0,0,1,0,0,0,0,0,0,0,0,0,0,2
hyperledger/aries-acapy-controllers,2021-09,0,2,0,0,0,0,0,0,0,0,0,0,0,0,0,2
hyperledger/aries-acapy-tools,2023-03,0,0,0,0,1,0,1,0,0,0,0,0,0,0,0,2
hyperledger/aries-bbssignatures-rs,2023-05,0,1,0,0,0,1,0,0,0,0,0,0,0,0,0,2
hyperledger/aries-cloudagent-loadgenerator,2023-02,2,0,0,0,0,0,0,0,0,0,0,0,0,0,0,2
hyperledger/aries-framework-javascript-ext,2021-09,1,0,1,0,0,0,0,0,0,0,0,0,0,0,0,2
hyperledger/aries-socketdock,2023-07,0,0,0,1,0,0,1,0,0,0,0,0,0,0,0,2
hyperledger/fabric-x-committer,2025-07,1,0,0,0,1,0,0,0,0,0,0,0,0,0,0,2
hyperledger/issue-bot,2019-09,0,0,2,0,0,0,0,0,0,0,0,0,0,0,0,2
hyperledger/sawtooth-private-utxo,2017-11,0,0,2,0,0,0,0,0,0,0,0,0,0,0,0,2
hyperledger/supply-chain,2017-10,0,0,2,0,0,0,0,0,0,0,0,0,0,0,0,2
hyperledger/training,2017-08,0,0,2,0,0,0,0,0,0,0,0,0,0,0,0,2
hyperledger/web3j-gradle-plugin,2024-04,1,0,0,0,1,0,0,0,0,0,0,0,0,0,0,2
open-quantum-safe/openssl,2024-03,0,0,1,0,1,0,0,0,0,0,0,0,0,0,0,2
open-quantum-safe/oqs-provider-ry,2024-05,0,0,0,0,0,0,0,0,0,2,0,0,0,0,0,2
openwallet-foundation-labs/tmcp-python,2025-09,0,0,2,0,0,0,0,0,0,0,0,0,0,0,0,2
openwallet-foundation/acapy-plugins,2025-03,1,0,1,0,0,0,0,0,0,0,0,0,0,0,0,2
openwallet-foundation/multipaz,2025-09,0,0,0,0,0,0,2,0,0,0,0,0,0,0,0,2
openwallet-foundation/sd-jwt-js,2025-01,1,0,1,0,0,0,0,0,0,0,0,0,0,0,0,2
pq-code-package/pqcp-docs,2024-03,0,0,2,0,0,0,0,0,0,0,0,0,0,0,0,2
pq-code-package/rust-libcrux,2025-10,1,1,0,0,0,0,0,0,0,0,0,0,0,0,0,2
trustoverip/egwg-learning-pathways,2026-03,0,2,0,0,0,0,0,0,0,0,0,0,0,0,0,2
trustoverip/logo-assets,2026-03,0,0,1,0,1,0,0,0,0,0,0,0,0,0,0,2
trustoverip/tswg-dossier-specification,2025-09,0,0,2,0,0,0,0,0,0,0,0,0,0,0,0,2
Briolette/governance,2026-02,1,0,0,0,0,0,0,0,0,0,0,0,0,0,0,1
LF-Decentralized-Trust-Mentorships/multi-agent-rag,2025-07,0,0,1,0,0,0,0,0,0,0,0,0,0,0,0,1
LF-Decentralized-Trust-labs/artizyou,2025-11,0,1,0,0,0,0,0,0,0,0,0,0,0,0,0,1
LF-Decentralized-Trust-labs/chainlaunch,2025-03,0,0,1,0,0,0,0,0,0,0,0,0,0,0,0,1
LF-Decentralized-Trust-labs/fabric-chaincode-builder,2025-04,0,0,1,0,0,0,0,0,0,0,0,0,0,0,0,1
LF-Decentralized-Trust-labs/fabric-chaincode-rust,2025-04,0,0,1,0,0,0,0,0,0,0,0,0,0,0,0,1
LF-Decentralized-Trust-labs/fabric-sdk-rust,2025-04,0,0,1,0,0,0,0,0,0,0,0,0,0,0,0,1
LF-Decentralized-Trust-labs/fabric-x-block-explorer,2026-01,0,0,1,0,0,0,0,0,0,0,0,0,0,0,0,1
LF-Decentralized-Trust-labs/librevents,2025-02,0,0,1,0,0,0,0,0,0,0,0,0,0,0,0,1
LF-Decentralized-Trust-labs/one-attestation-api,2024-12,0,0,1,0,0,0,0,0,0,0,0,0,0,0,0,1
LF-Decentralized-Trust-labs/os-frontiers,2026-04,0,0,1,0,0,0,0,0,0,0,0,0,0,0,0,1
LF-Decentralized-Trust-labs/rethv,2026-05,0,0,1,0,0,0,0,0,0,0,0,0,0,0,0,1
LF-Decentralized-Trust-labs/waterfall-docs,2025-01,0,0,1,0,0,0,0,0,0,0,0,0,0,0,0,1
LF-Decentralized-Trust-labs/web3db,2024-11,0,0,1,0,0,0,0,0,0,0,0,0,0,0,0,1
LF-Decentralized-Trust-labs/zk-learning-group,2025-06,0,0,1,0,0,0,0,0,0,0,0,0,0,0,0,1
LF-Decentralized-Trust-labs/zkbk,2025-09,0,0,1,0,0,0,0,0,0,0,0,0,0,0,0,1
LFDT-Hiero/hiero,2024-08,0,0,1,0,0,0,0,0,0,0,0,0,0,0,0,1
LFDT-Paladin/zeto,2026-05,0,0,1,0,0,0,0,0,0,0,0,0,0,0,0,1
LFDT-Regional-Chapters/LFDT-Latinoamerica-Chapter,2025-05,0,0,1,0,0,0,0,0,0,0,0,0,0,0,0,1
LFDT-Smoot/.github,2025-11,0,1,0,0,0,0,0,0,0,0,0,0,0,0,0,1
LFDT-Smoot/bridge,2025-05,0,0,1,0,0,0,0,0,0,0,0,0,0,0,0,1
OpenReagent/openreagent,2026-03,0,0,1,0,0,0,0,0,0,0,0,0,0,0,0,1
OpenVTC/verifiable-trust-infrastructure,2026-04,0,0,0,0,1,0,0,0,0,0,0,0,0,0,0,1
OpenVTC/verifiable_trust_infrastructure,2026-03,0,1,0,0,0,0,0,0,0,0,0,0,0,0,0,1
OpenVTC/vta-browser-plugin,2026-05,0,0,1,0,0,0,0,0,0,0,0,0,0,0,0,1
PQCA/cbomkit-lib,2025-06,0,0,1,0,0,0,0,0,0,0,0,0,0,0,0,1
PQCA/wg-algorithms,2024-06,0,0,1,0,0,0,0,0,0,0,0,0,0,0,0,1
anoncreds/anoncreds,2025-12,0,0,0,1,0,0,0,0,0,0,0,0,0,0,0,1
anoncreds/anoncreds-clsignatures-rs,2025-12,0,0,0,1,0,0,0,0,0,0,0,0,0,0,0,1
anoncreds/anoncreds-v2-rs,2025-12,0,0,0,0,1,0,0,0,0,0,0,0,0,0,0,1
credebl/verifier-app,2024-12,0,0,1,0,0,0,0,0,0,0,0,0,0,0,0,1
hiero-ledger-eco/governance,2025-03,0,1,0,0,0,0,0,0,0,0,0,0,0,0,0,1
hiero-ledger/hiero,2025-03,0,0,0,0,0,1,0,0,0,0,0,0,0,0,0,1
hiero-ledger/sdk-collaboration-hub,2025-05,0,0,0,0,0,1,0,0,0,0,0,0,0,0,0,1
hyperledger-anoncreds/.github,2025-11,0,0,1,0,0,0,0,0,0,0,0,0,0,0,0,1
hyperledger-archives/aries-cloudagent-loadgenerator,2024-03,0,1,0,0,0,0,0,0,0,0,0,0,0,0,0,1
hyperledger-archives/besu-errorprone-checks,2024-03,0,1,0,0,0,0,0,0,0,0,0,0,0,0,0,1
hyperledger-archives/composer,2022-04,0,0,0,0,0,0,0,1,0,0,0,0,0,0,0,1
hyperledger-archives/composer-atom-plugin,2022-04,0,0,0,0,0,0,0,1,0,0,0,0,0,0,0,1
hyperledger-archives/composer-knowledge-wiki,2022-04,0,0,0,0,0,0,0,1,0,0,0,0,0,0,0,1
hyperledger-archives/composer-sample-applications,2022-04,0,0,0,0,0,0,0,1,0,0,0,0,0,0,0,1
hyperledger-archives/composer-sample-applications-hlfv1,2022-04,0,0,0,0,0,0,0,1,0,0,0,0,0,0,0,1
hyperledger-archives/composer-sample-models,2022-04,0,0,0,0,0,0,0,1,0,0,0,0,0,0,0,1
hyperledger-archives/composer-sample-networks,2022-04,0,0,0,0,0,0,0,1,0,0,0,0,0,0,0,1
hyperledger-archives/composer-tools,2022-04,0,0,0,0,0,0,0,1,0,0,0,0,0,0,0,1
hyperledger-archives/composer-vscode-plugin,2022-04,0,0,0,0,0,0,0,1,0,0,0,0,0,0,0,1
hyperledger-archives/indy-bls-wrapper-python,2023-05,0,1,0,0,0,0,0,0,0,0,0,0,0,0,0,1
hyperledger-archives/iroha-ametsuchi,2017-10,1,0,0,0,0,0,0,0,0,0,0,0,0,0,0,1
hyperledger-bevel/bevel,2024-11,0,0,0,0,0,1,0,0,0,0,0,0,0,0,0,1
hyperledger-caliper/.github,2025-11,0,0,1,0,0,0,0,0,0,0,0,0,0,0,0,1
hyperledger-firefly/.github,2025-11,0,1,0,0,0,0,0,0,0,0,0,0,0,0,0,1
hyperledger-identus/integration,2025-04,0,0,1,0,0,0,0,0,0,0,0,0,0,0,0,1
hyperledger-indy/indy-plenum,2025-12,0,0,0,1,0,0,0,0,0,0,0,0,0,0,0,1
hyperledger-iroha/const-str,2024-10,0,0,1,0,0,0,0,0,0,0,0,0,0,0,0,1
hyperledger-iroha/iroha-config-base,2024-10,0,0,1,0,0,0,0,0,0,0,0,0,0,0,0,1
hyperledger-iroha/iroha-crypto,2024-10,0,0,1,0,0,0,0,0,0,0,0,0,0,0,0,1
hyperledger-iroha/iroha-ffi,2024-10,0,0,1,0,0,0,0,0,0,0,0,0,0,0,0,1
hyperledger-iroha/iroha-wasm-codec,2024-10,0,0,1,0,0,0,0,0,0,0,0,0,0,0,0,1
hyperledger-labs/Electrodo.Docs,2024-01,0,1,0,0,0,0,0,0,0,0,0,0,0,0,0,1
hyperledger-labs/SmartBFT,2024-03,0,0,0,1,0,0,0,0,0,0,0,0,0,0,0,1
hyperledger-labs/agora-allosaurus-rs,2024-06,0,0,1,0,0,0,0,0,0,0,0,0,0,0,0,1
hyperledger-labs/agora-bbs,2024-09,0,0,1,0,0,0,0,0,0,0,0,0,0,0,0,1
hyperledger-labs/cardea,2023-04,0,1,0,0,0,0,0,0,0,0,0,0,0,0,0,1
hyperledger-labs/cardea-mobile-agent,2023-04,0,1,0,0,0,0,0,0,0,0,0,0,0,0,0,1
hyperledger-labs/cardea-mobile-secondary-verifier-agent,2023-04,0,1,0,0,0,0,0,0,0,0,0,0,0,0,0,1
hyperledger-labs/documentation-template,2023-03,0,0,0,1,0,0,0,0,0,0,0,0,0,0,0,1
hyperledger-labs/hyperledger-fabric,2021-05,0,0,1,0,0,0,0,0,0,0,0,0,0,0,0,1
hyperledger-labs/microfab,2024-02,0,1,0,0,0,0,0,0,0,0,0,0,0,0,0,1
hyperledger-labs/milk-donor,2018-08,0,0,0,1,0,0,0,0,0,0,0,0,0,0,0,1
hyperledger-labs/splice-shared-gha,2025-02,0,0,1,0,0,0,0,0,0,0,0,0,0,0,0,1
hyperledger-labs/splice-wallet-kernel,2025-05,0,0,1,0,0,0,0,0,0,0,0,0,0,0,0,1
hyperledger-web3j/web3j,2024-11,0,0,0,1,0,0,0,0,0,0,0,0,0,0,0,1
hyperledger/aries-mediator-service,2021-12,0,0,0,1,0,0,0,0,0,0,0,0,0,0,0,1
hyperledger/aries-mobileagent-xamarin,2020-04,0,0,0,1,0,0,0,0,0,0,0,0,0,0,0,1
hyperledger/fabric-api,2016-05,0,0,1,0,0,0,0,0,0,0,0,0,0,0,0,1
hyperledger/fabric-docs,2019-02,0,0,0,0,0,0,0,0,0,1,0,0,0,0,0,1
hyperledger/fabric-sdk-rest,2019-02,0,0,0,0,0,0,0,0,0,1,0,0,0,0,0,1
hyperledger/fabric-test-resources,2019-02,0,0,0,0,0,0,0,0,0,1,0,0,0,0,0,1
hyperledger/fabric-x,2025-08,0,0,0,1,0,0,0,0,0,0,0,0,0,0,0,1
hyperledger/fabric-x-rfcs,2025-11,0,0,1,0,0,0,0,0,0,0,0,0,0,0,0,1
hyperledger/fabric-x-sdk,2026-03,0,0,1,0,0,0,0,0,0,0,0,0,0,0,0,1
hyperledger/hl-landscape,2019-09,0,0,1,0,0,0,0,0,0,0,0,0,0,0,0,1
hyperledger/identus,2024-08,0,0,0,1,0,0,0,0,0,0,0,0,0,0,0,1
hyperledger/indy-node-monitor,2022-06,0,0,0,0,0,0,0,1,0,0,0,0,0,0,0,1
hyperledger/indy-sdk-python,2019-04,0,0,1,0,0,0,0,0,0,0,0,0,0,0,0,1
hyperledger/iroha-2-docs,2022-06,0,0,0,0,1,0,0,0,0,0,0,0,0,0,0,1
hyperledger/landscape,2023-03,0,1,0,0,0,0,0,0,0,0,0,0,0,0,0,1
hyperledger/slack-archive,2018-08,0,1,0,0,0,0,0,0,0,0,0,0,0,0,0,1
hyperledger/web3j,2024-08,0,0,0,0,0,0,1,0,0,0,0,0,0,0,0,1
openwallet-foundation-labs/PyDentity-Wallet,2025-03,0,0,1,0,0,0,0,0,0,0,0,0,0,0,0,1
openwallet-foundation-labs/oid4vc-ts,2025-11,0,0,1,0,0,0,0,0,0,0,0,0,0,0,0,1
openwallet-foundation-labs/sd-jwt-rust,2024-10,1,0,0,0,0,0,0,0,0,0,0,0,0,0,0,1
openwallet-foundation-labs/tmcp-rust,2025-12,0,0,1,0,0,0,0,0,0,0,0,0,0,0,0,1
openwallet-foundation-labs/trs,2025-06,0,0,1,0,0,0,0,0,0,0,0,0,0,0,0,1
openwallet-foundation/credo-ts-docs,2024-01,0,0,0,0,1,0,0,0,0,0,0,0,0,0,0,1
openwallet-foundation/digital-wallet-and-agent-overviews-sig,2024-02,0,0,1,0,0,0,0,0,0,0,0,0,0,0,0,1
openwallet-foundation/mobile-wallet-test-harness2,2024-03,0,0,0,0,0,0,0,0,0,1,0,0,0,0,0,1
openwallet-foundation/multipaz-developer-website,2025-09,0,0,1,0,0,0,0,0,0,0,0,0,0,0,0,1
openwallet-foundation/multipaz-identity-reader,2025-09,0,0,1,0,0,0,0,0,0,0,0,0,0,0,0,1
openwallet-foundation/technical-project-charters,2026-05,0,0,0,0,1,0,0,0,0,0,0,0,0,0,0,1
pq-code-package/mlkem-native,2025-04,1,0,0,0,0,0,0,0,0,0,0,0,0,0,0,1
pq-code-package/o-documentation,2024-03,0,1,0,0,0,0,0,0,0,0,0,0,0,0,0,1
trustoverip/.github,2025-11,0,1,0,0,0,0,0,0,0,0,0,0,0,0,0,1
trustoverip/dtgwg-agent-names-tf,2026-03,0,0,1,0,0,0,0,0,0,0,0,0,0,0,0,1
trustoverip/dtgwg-general,2026-03,0,0,1,0,0,0,0,0,0,0,0,0,0,0,0,1
trustoverip/dtgwg-rahp-tf,2026-03,0,0,1,0,0,0,0,0,0,0,0,0,0,0,0,1
trustoverip/dtgwg-rcards-tf,2026-03,0,0,1,0,0,0,0,0,0,0,0,0,0,0,0,1
trustoverip/dtgwg-ux-tf,2026-05,0,0,1,0,0,0,0,0,0,0,0,0,0,0,0,1
trustoverip/toip-template,2026-03,0,0,1,0,0,0,0,0,0,0,0,0,0,0,0,1
trustoverip/tswg-tsp-specification,2025-05,0,0,0,0,0,1,0,0,0,0,0,0,0,0,0,1
